exposure_id,experiment_id,variant_id,user_id,impressions,clicks,conversions,first_exposed_at,...9
1,1,2,NA,4,0,0,2025-04-07 21:29:57,NA
2 ,1,1,433 ,4,1,0,2025-04-12 16:21:18,NA 
3,3,9,NA,3,0,0 ,2025-08-25 03:43:16,NA
4,4,10,31,2,0,0,2025-03-14 14:09:09,NA
5,1,NA,99,NA,0,0,2025-04-10 09:31:22,NA
6,5,15,688,NA,NA,0,2025-08-05 03:42:21,NA
7,4,11,556,3,1,0 ,2025-03-01 10:33:05,NA
8,3,7,NA,6,0,0,NA,NA
9,6,18,89,1,0,0,2025-09-29 06:18:16,NA
10,NA,11,56,3,0,0 ,2025-03-04 22:06:56,NA
11,5,14,448,NA,NA,0,2025-07-24 16:27:00,NA
12,2,4,48,4,0,0,2025-06-27 06:46:11,NA
13,4,10,219,3,0,0 ,2025-03-10 03:46:37 ,NA 
14,2,4,NA,7,0,0 ,2025-06-26 09:38:41,NA
15,7,NA,519 ,NA,0,NA,2025-11-20 19:07:05,NA
NA,NA,6,393 ,1,0,0,2025-06-26 23:35:24,NA
17,4,12,108,4 ,0,0,2025-03-13 22:48:39 ,NA
18,4,11,441,4,0,0,2025-03-03 08:17:46,NA
NA,5,NA,665,3,0,0,2025-07-24 09:09:07 ,NA
20 ,5,14,30,1,0,0,2025-07-24 13:55:49,NA
21,NA,8,421,8,0,NA,2025-08-19 06:14:18,NA
22,NA,7 ,13,1,0,0,2025-08-19 05:48:04 ,NA
23,NA,3,383,1,0 ,0,2025-04-21 05:10:36,NA
24,2,6,597,5,1,0,2025-06-14 05:15:28,NA
25 ,4,10,640,2,0,0,2025-03-07 06:12:19,NA
26,5,13,392,4 ,0,0,2025-08-02 02:02:42,NA
NA,NA,NA,41,1,0,NA,2025-06-25 13:11:51,NA
28,2,5,435,7,1,0 ,2025-07-03 13:48:21,NA 
29,5,13,391,2,0,0,2025-07-28 06:43:42,NA
30,2 ,5,580,5,0 ,0,2025-06-21 01:34:25,NA
31,5,NA,292,3,0,0,2025-08-01 09:01:26,NA
32,7,21 ,6,2,1,0,2025-11-21 10:14:57,NA
33,6,NA,NA,3,0,0,2025-09-25 20:30:31,NA 
NA,1,2,5,3,0,0 ,2025-04-16 00:44:15,NA
35,NA,14 ,517,3,NA,0,2025-08-07 21:56:21,NA
36,4,10,NA,3,0 ,0 ,2025-03-15 08:46:22,NA
37,7,21,69,NA,0,0,2025-11-06 01:48:56,NA
38,NA,21,666,6,0,0,2025-11-05 05:22:02 ,NA
39,4,12,NA,4 ,1 ,0,2025-03-08 08:57:24,NA
40,4,12,428,2,0,0,NA,NA
41,5,13,73,2 ,0,0,2025-07-30 02:00:13,NA
42,7,21,201,3 ,0 ,0,2025-11-09 02:58:33,NA
43,2,6,600,7,0,0,2025-06-10 15:06:57 ,NA
44,7,21,65,2,0,0 ,2025-11-08 03:03:17,NA
45,NA,13,489,4 ,0,0,2025-07-30 10:28:31 ,NA
46,5,14,26,2,0 ,0,2025-07-27 05:38:07,NA
47,NA,18,261,1,0,0,2025-10-14 14:47:40,NA
48,7,21,483,6,0,0,2025-11-22 00:39:21,NA 
NA,7,21,NA,NA,NA,0 ,2025-11-22 04:52:40,NA
50,3,8,312,5,1 ,0,2025-08-30 07:38:09,NA
51,3,9 ,7,2,1,NA,2025-08-17 00:06:40,NA
52,6,18,324,1,NA,0,2025-10-13 16:05:24,NA
53,NA,7 ,611,6,0,0,2025-08-27 03:37:13,NA
54,4,11,111,4 ,1,NA,2025-03-06 21:50:33,NA
55,7,NA,NA,6,0,0 ,2025-11-19 20:24:03,NA
56,7,21,247 ,NA,1,0,2025-11-27 20:12:46 ,NA
57 ,1,3,628,4,0,0,2025-04-18 20:12:22,NA
58,3,7,NA,5,0,0,2025-08-21 21:19:49 ,NA
59,7 ,19 ,NA,7,1,0,NA,NA
60,7,20,565 ,2,0,0,2025-11-07 12:10:03,NA
61,5,14,622,2,0,0,2025-07-21 07:20:07,NA
62,5,14,663,3,1,0,2025-08-08 01:56:57,NA
63,3,9,429,6,0,0,2025-08-24 13:34:31,NA
64,6,16,245,3,NA,0,2025-09-30 08:23:51,NA
65,4,11,363,2 ,0,0 ,2025-03-07 00:20:22,NA
66,5,NA,220,1,0,0,2025-08-05 19:13:08,NA
67,2,NA,60,2,NA,0,2025-06-29 19:40:37,NA
68,1,2 ,366,8,0,NA,2025-04-11 09:01:42,NA
69,4,11,526,3,0,0,2025-03-20 19:46:46,NA 
70,4,11,223,1,0,0,2025-03-04 11:14:45 ,NA
71,6,16,585 ,4,0,0,2025-10-04 14:10:13 ,NA
72,1,2,84 ,NA,0 ,0,2025-04-20 22:21:34,NA
73 ,4,11,83,3,0,NA,2025-03-01 17:11:21,NA
NA,6,18 ,315,1,0,NA,2025-10-07 01:57:35,NA
75,4,11,420,3,0,0,2025-03-21 02:37:54,NA
76,4,11,518,1,0,0,2025-03-11 11:14:35,NA 
77,1,2,349,NA,0,0,2025-04-08 21:18:35,NA
78,2,4,NA,4,0,NA,NA,NA
NA,4,10,NA,4,0 ,0,2025-03-10 12:59:02,NA
80,NA,18,555,1,0,0 ,2025-09-30 14:09:23,NA
81,3,8,534,5,0,0,2025-09-02 09:59:27,NA
82,2,4,397 ,NA,NA,0 ,2025-07-03 02:39:01,NA
83,NA,13,489,NA,0,0,2025-08-06 07:08:54,NA
84,1,NA,212 ,4 ,0,0,2025-04-11 12:53:50,NA
85,2,5 ,202,4 ,NA,NA,2025-06-13 12:25:00,NA
86,5,14,246,1,0,0,2025-07-21 15:40:52,NA
87,3 ,7,656,5,0,0 ,2025-08-21 18:03:49,NA
88,1 ,1,87,1,0,0,NA,NA
89,2,4,316,7,0,0,2025-06-26 09:47:38,NA
90,NA,2,592,6,0,0,NA,NA
91,4,10,486,2,0,0,2025-03-17 12:43:51,na 
92,4,11,418 ,3,0,NA,2025-03-06 20:21:56,NA
93,3,9,98 ,NA,NA,0,2025-08-29 13:28:03,NA
94,7,19,NA,5 ,1,NA,2025-11-18 18:37:32,NA
95,6,17,486,3,0,0,2025-10-07 01:55:26,NA
96 ,4,10,308,NA,0,0,2025-03-02 17:23:51,NA
97,3,8,691,3,NA,0,2025-09-03 22:37:10,NA
98,4 ,11,NA,2 ,NA,0,2025-03-09 06:29:51,NA
99,3,NA,669,6,0 ,0,2025-08-25 01:57:46,NA
100,4,11,118,3,0,0,2025-03-13 13:50:19 ,NA 
101,2,4,457,1,NA,0,NA,NA
102,6,17,257,2,0,0,2025-10-04 16:55:05 ,NA
103,1,3,100,5,0 ,0,NA,NA 
104,NA,14,192,3,0,0,NA,NA
105 ,7,20,500,4,0 ,0 ,2025-11-26 00:02:45,NA
NA,6,16,530,1,0,0 ,2025-10-08 06:59:03,NA
107,3,9,627,8,1 ,NA,2025-08-26 20:30:39,NA
108,4,10,174,4,0 ,0,2025-03-06 01:19:31 ,NA
109,5,14,688,3,0,0,2025-07-20 06:30:39,NA
NA,4,11,436,2,0 ,0,NA,NA
111,2,4,679,3,NA,0 ,NA,NA
112,6,17,NA,NA,0,0,2025-09-28 10:14:26,NA
NA,7,21,598,4,NA,0 ,NA,NA 
114,1,3,348,6,1,0,2025-04-09 10:41:30,NA
115,6,16,270,2,1,0,2025-10-02 19:13:46 ,NA
116,3,7,689,6,0,0,2025-08-21 20:22:05 ,NA
117,6,17,675,3,NA,NA,NA,NA
118,2,4,178,2,0,0,2025-06-11 15:48:05,NA
119 ,5,NA,148,3,0,0,2025-07-27 22:19:28,NA
120,1,3,580,1,0,0,2025-04-19 02:36:58,NA
121,4,NA,120,2,0,0,2025-03-18 08:56:26,NA
122 ,1,2,5,7 ,1,0,2025-04-22 20:04:23,NA
123,4,10,2 ,2 ,0,0,2025-03-09 22:44:00,NA
124,1,1 ,197,2,0,0,2025-04-17 18:52:07,NA
125,3 ,9 ,658,4,1,NA,2025-08-18 17:21:19,NA
126,4,11 ,490,4,0,0,2025-03-11 21:16:58,NA
127,2,4,146,4,0,0,2025-06-29 01:47:32,NA
128,5 ,13,283,1,0,0,2025-07-29 21:17:43,NA
129 ,4,12,439,1 ,0,0,2025-03-08 19:11:21,NA
130,5,13,293,3,0,0,NA,NA
131,4,11,415,4,0,0,2025-03-10 20:35:19,NA
132,1,1,546,8,0,0,2025-04-05 17:15:59 ,NA
133,6,17,627,1,0 ,0,2025-10-08 09:21:52,NA
134 ,4,10,442,1 ,0,0,2025-03-16 03:06:51,NA
135,7,21,NA,2,0,0,2025-11-23 21:35:17 ,NA
136,4,11,548,1,NA,0,2025-03-20 00:49:50,NA
137,4,11,589,4,0,0,2025-03-22 16:29:08,NA
138,1,2,212 ,5,0,0 ,NA,NA
139,4,11,578,NA,0,0,NA,NA 
140,3,7,417,2 ,0,0,2025-08-30 10:29:52,NA 
141,6,18,205,1,0,0 ,2025-09-29 22:20:46,NA
142,3,7,650,8,NA,0,NA,NA
143,NA,10,16,2,0,0,2025-03-06 21:32:16,NA
144,1,1,431,3,1,0,2025-04-08 16:08:11,NA
145,2,6,460,8,0,0,2025-07-04 04:23:58,NA
146,NA,NA,315,3,0,0,2025-03-21 03:10:00,NA
147,4,NA,NA,1,0 ,NA,2025-03-03 23:03:16,NA
148 ,3,8,394,5,0,NA,2025-08-15 17:11:28 ,NA
149,6,17,111,3,1,0,2025-10-02 21:40:55,NA
150 ,NA,4 ,317,3,0,NA,2025-06-17 07:37:53,NA
151 ,1,2,303,5,1 ,0,2025-04-06 14:01:24,NA
152,1,NA,NA,8 ,1,0,2025-04-15 05:37:40,NA
153,1,2,677,6,0,0,NA,NA
154,3,7,624,8,0,0,2025-08-30 02:07:25 ,NA
155,3,8,652,4,0,0,2025-08-22 11:45:20,NA
156,3,9,290,2,0,0 ,2025-08-17 23:33:02,NA
157,6,18,11,1,0,NA,2025-09-30 00:57:16,NA
158,4,10,NA,1,0,0,NA,NA 
159,6 ,16,481,4,0,0,2025-10-10 13:50:22,NA
160 ,3,NA,420,1,0,0,2025-08-16 13:08:08,NA
161,5 ,13,259 ,4,1,0,2025-07-26 11:14:44,NA
162,2,4,217,6,0,0,2025-06-17 20:25:25 ,NA 
163 ,5,13,6,NA,0,0,NA,NA
164,NA,20,NA,3,1,NA,2025-11-10 15:25:27,NA
165,NA,21,191,4,0,0,2025-11-01 22:53:25,NA
166,5,15,475 ,3,0,0,2025-07-24 02:40:23,NA 
167 ,5,13,430,1,0,0 ,2025-08-08 04:34:25,NA
168,7,20,172,NA,0,0,2025-11-20 15:45:53,NA
169,NA,17,371,3,0,0,2025-09-26 15:18:10,NA
170,5,15,417,3,0,NA,2025-07-26 12:22:41,NA
171,3,8,540,6,0,0,2025-08-17 02:49:24,NA
172,4,11,123,NA,NA,NA,2025-03-10 23:37:47,NA
173,3,7,363,5 ,0,0,2025-08-21 01:55:02,NA
174,2,5,NA,5,0,NA,2025-07-04 05:01:40,NA
175 ,1,1,362,NA,NA,0,2025-04-10 10:21:34,NA
176,7,NA,476,5,NA,0,2025-11-16 02:22:50,NA
177,3,8,129,2 ,0,0,2025-09-05 17:57:22,na 
178,4,12,10,1,0,0,2025-03-05 19:09:35,NA
179,NA,14,523,2,NA,0,NA,NA
180,6,16,41,4,0,0,2025-10-05 01:26:17,NA
181,5 ,NA,NA,2,0,0,2025-07-31 18:00:12,NA
182,6,17,202,1,0,0,2025-10-03 01:04:11,NA
NA,7,19,612,1,0,0,2025-11-18 01:52:18,NA
184,7,21,182 ,3,0 ,0,2025-11-30 07:55:33,NA
185,4,11,341,1,NA,0,2025-03-05 06:40:49,NA
NA,4,11,NA,4,0,0,2025-03-04 08:25:22,NA
187,7,21,596,4,1,0,2025-11-22 14:07:31,NA 
188,7,21,222,3,0,0,2025-11-22 01:11:45,NA 
189,2,4,383,7 ,0,0,2025-06-19 14:51:59,NA 
NA,5 ,15,275 ,3,1,NA,2025-08-07 16:19:47,NA
191,4,10,176,NA,0 ,0,2025-03-21 02:50:43,NA
192,3,9,335,7,1,NA,2025-08-23 20:57:12 ,NA
193,5 ,13,85 ,2,NA,0,NA,NA
194,2,5,170,4,0 ,0,2025-06-18 23:24:43,NA
195,3,9,559,4,0,0,2025-09-01 22:35:31,NA
196,6,17,475,1,1,0,2025-09-28 19:21:58,NA
197,5,14,314,4,1,0,2025-08-09 01:43:38,NA
198,2,4,354 ,8,NA,0 ,2025-06-19 20:12:06,NA
199,2,4,600,8,NA,0,2025-07-01 21:51:20,NA
200,7 ,20,456,NA,2 ,0,2025-11-11 00:43:25,NA
201,NA,4,160,3,0,0,2025-07-03 04:04:48,NA
202,NA,11,NA,2 ,0,0,2025-03-20 12:53:15,NA
203,3,9,456,6,NA,0,NA,NA
204,5,13 ,194,1,0,0,2025-07-20 08:23:36 ,NA
205,4,11,29,4 ,1,0,2025-03-21 03:05:51,NA
206,5,14,630,2,NA,0,2025-07-30 18:04:51,NA
207,4,NA,603,3 ,1,0,2025-03-04 07:27:22,NA
208,5,14,202,4,1,0 ,2025-08-06 03:28:51,NA 
209,7,21 ,141 ,1,0,0,2025-11-28 16:08:06,NA
210,3 ,9,592,2,0,0,2025-08-22 04:32:59,NA
211,NA,NA,531,NA,0,0,2025-10-11 07:10:28,NA
212,6,16,NA,1 ,0,0,2025-10-11 11:59:20,NA
213,6,NA,589,1,0,0,2025-09-26 18:52:59,NA
214,2,NA,390,6,0,NA,2025-07-01 20:04:21,NA
215,3,7,NA,6,0,0,2025-08-21 09:50:21,NA
216,6,NA,288,NA,1,0,NA,NA
217,NA,11,99 ,NA,0,0,NA,NA
218,NA,6,569,6 ,0 ,0,2025-06-10 23:40:23,NA
219,2,4,399,4,0,NA,2025-06-30 07:34:09,NA
220 ,1,2 ,478,2,0,0,2025-04-16 01:01:00,NA
221,6,16,630 ,1,NA,0,2025-09-26 15:05:08,NA
222,3,7,520,2,0,0,2025-09-05 02:20:41,NA
223 ,NA,21,318,NA,0 ,0,2025-11-05 17:34:12,NA 
224,3,7,275,2 ,0,0,2025-08-20 01:09:13,NA
225,2,5,687 ,6,0,0,2025-07-03 05:57:41 ,NA
226,6,17,615,3,0,0,2025-10-09 18:22:03 ,NA
227,3,9,544,1,0,0,2025-08-18 08:28:06,NA
228,6,NA,29 ,4,0,NA,2025-09-27 12:23:40,NA
229,1,3,452,1,0,0,2025-04-17 15:08:58,NA
230,3 ,NA,441,3,1,0 ,2025-08-30 16:46:51 ,NA
231,4 ,10,225,1,1,0,2025-03-05 18:01:07,NA
232,NA,NA,89,5,0,0,2025-04-22 10:21:45,NA
233,6,16 ,699 ,4,2,1,2025-10-02 00:45:24,NA 
234,4,11,130,2,1,0 ,2025-03-07 12:20:27,NA
235,5,13,687,4,1,0,2025-07-21 10:42:06,NA
236,3,8,132,8,0,0 ,2025-08-30 09:40:01,NA
237,2,NA,468,1,0 ,0,2025-07-01 08:52:19,NA 
NA,3 ,9,351,4,1,0,2025-08-21 22:29:17,NA
239,5,13,237,1,0,0,2025-07-27 08:21:14,NA
240,2,4,330,7 ,0,NA,2025-06-26 03:33:36,NA
241,4,11,198,3,0,0,2025-03-11 17:56:20,NA
242,6,16,678,4 ,1,0,NA,NA
243 ,4,11,NA,4,1,0,2025-03-16 12:48:22,NA
244,2,5,189,7,0,0,2025-06-15 09:35:04,NA
245,1,3,330,7,1,NA,2025-04-20 11:16:33,NA
246,3,8 ,166,4,0,0,2025-08-15 05:05:29,NA
NA,2,5,283,3,0,0,2025-06-14 09:41:35 ,NA
248,3,9 ,493,4,0,0,2025-08-20 10:05:35,NA
NA,2,4,452,2,0,0,2025-06-25 18:10:09,NA
250,5,14,337,2,0,0,2025-07-31 00:16:48,NA
251,4,11,NA,4,NA,NA,2025-03-18 14:14:51,NA
252,4,11,663,4,NA,NA,2025-03-14 14:53:23 ,NA
253,2,6,413,NA,0,0 ,2025-06-13 20:24:15 ,NA 
254 ,5,NA,562,3,0,0,2025-07-31 08:54:42,NA
255,7,21,73,2,0,0,2025-11-03 01:55:13,NA
256,NA,7,604,5,0,0,2025-08-22 05:39:51,NA
257,5,15,163,2,0,0,2025-07-27 13:57:16,NA
258,6,18,680,1,0,0,2025-10-01 12:09:46,NA
NA,1,1,464,5,0,0,2025-04-17 21:50:27,NA
260,NA,14,574,1,0,0,2025-07-26 06:06:50,NA
261,3,7,543,5,0,0,2025-08-17 16:28:14,NA
262 ,3,9,641,7,0,0,2025-08-29 22:18:26,NA 
263,1,NA,92,4,1,0,2025-04-17 19:53:16,NA 
264 ,4,10 ,10,3,0,0,2025-03-08 13:58:12 ,NA 
265,4,NA,21 ,4,NA,0,2025-03-17 20:35:11,NA
266,6,17 ,272,1,0 ,0,2025-10-03 02:13:52,NA
267 ,4,11 ,189,3,0,0,2025-03-12 06:49:53,NA 
268,3,9,52,7,0,NA,2025-08-20 08:11:21,NA
NA,6,18,325,4,1 ,0,2025-10-15 00:00:40,NA
270,NA,NA,243,NA,0,0,2025-08-16 08:57:11,NA
271,2,5,619 ,5,0,0,NA,NA
272 ,NA,18,429,4,0,0,2025-10-13 19:28:04,NA
273,6,16,78,3,0,0,2025-09-26 11:29:54,NA
274,3,7,512,4,0,0,NA,NA
275,6,NA,376,2,NA,0,2025-09-28 01:18:38,NA
276,4,11,574,NA,0,0,2025-03-09 04:40:19 ,NA
277 ,7,20,7 ,7,0,0,2025-11-05 15:19:08,NA
278,1,2,27,5,0,0,NA,NA
279,NA,18,700,1,0,0 ,2025-10-08 07:57:44,NA
280,2,4,218,4,0,0,2025-06-23 03:37:45,NA
281,5,14,371,2,0,0,2025-07-22 03:40:06,NA
282 ,NA,17,443 ,2,0,0,NA,NA
283,NA,11,444,NA,1,NA,2025-03-02 20:39:44,NA
284,NA,17,582,2,0,0,2025-10-10 16:22:02,NA
285,5 ,14,228,1,0,0,2025-07-27 06:48:23,NA 
286,6,16,170,3,0,0 ,2025-10-04 12:11:32,NA
NA,4,11,37,4,0,0,2025-03-08 03:11:58,NA
288,6,16,598,4,0,0,2025-09-30 18:30:03,NA
289,4,11,196,3,1,0 ,2025-03-15 10:09:18,NA
290,4,11,32,4,0,NA,2025-03-05 08:22:58,NA
291,2,4,152,5,0,0,2025-06-21 00:26:05,NA 
NA,5,14 ,654 ,3 ,0,0,2025-08-01 13:07:45,NA
293,6,16,75,4,NA,NA,2025-09-28 14:04:15 ,NA
294,5,13,433,2,0,0,2025-07-21 06:00:44,NA
295,2,4,68,7,0,0,2025-06-12 16:57:21,NA
296,4,10,476,3 ,0,0 ,2025-03-03 19:16:26 ,NA
297,4,11,506,1,0,NA,2025-03-08 17:28:03,NA
298 ,3,NA,431,7,0,0,2025-08-18 00:06:43,NA
299,7,21,607,8,1 ,0,2025-11-03 16:54:45,NA 
300,7 ,NA,574,1,0,0,NA,NA
301,7,20,310 ,NA,0 ,0,2025-11-02 19:58:47,NA
302,4 ,11,660,3,0 ,0,2025-03-06 06:09:32,NA
303,4,NA,279 ,2,0,0,2025-03-09 09:21:25 ,NA
304,3,9,486,2 ,0,0,2025-08-18 09:44:30,NA
305,3,8,654,4,0,0,2025-08-16 17:31:03,NA
NA,3,7,NA,8,NA,0,2025-09-02 04:49:31,NA
307 ,NA,5,NA,4,0,0,2025-07-05 10:59:28,NA
308,4,10,123,4,1,0,2025-03-10 23:16:50,NA
309,6,16,420,4 ,0,0,2025-09-28 14:00:34,NA
310,1,2 ,289,3,0,0,NA,NA
311,3,7,271,5,0,0,2025-08-30 10:26:05 ,NA
312,7,19,392 ,NA,0,0,2025-11-09 03:28:51,NA
NA,3,9,NA,5,1,0 ,2025-09-04 05:33:36,NA
314 ,4,11,269,NA,0,0,2025-03-21 11:28:38,NA
315,2,6,626,4,0,0,2025-06-26 02:48:27,NA
316,NA,11,10,4,1,0,2025-03-05 04:22:52,NA 
317,3,7,173,3,0,NA,2025-08-30 02:27:00,NA
NA,1,3 ,526,1,NA,0,NA,NA
319,2,4,612,7,1,0,2025-06-16 04:38:49,NA 
320,NA,NA,640,4,1,NA,2025-08-01 15:22:36,NA
321 ,5,13,5,4,1,NA,2025-08-10 01:09:45,NA
322,4,11,270 ,4,0,0,2025-03-16 10:26:12,NA
NA,7,21,384,4,0,0,2025-11-19 04:45:53,NA
324,NA,7,442,8,NA,NA,2025-08-21 17:16:44,NA 
325,3,8,232,6,0,0,2025-08-16 02:28:01 ,NA 
326,2,5,141,NA,0,0,2025-06-21 20:19:39,NA
327,NA,16,211,1,NA,NA,2025-10-09 04:57:14,NA
328,7,21,11,4,0 ,0,2025-11-08 21:57:51,NA
NA,3,9,390 ,2,0,0,2025-08-22 10:42:39,NA
330,4,11,556,3,NA,0,2025-03-10 20:01:01,NA
331,1,2,278,NA,0,0,2025-04-15 18:32:11,NA 
332,2,4,NA,2,0,0 ,2025-07-01 12:34:31,NA
333,7,21,248 ,2,1,0,2025-11-08 21:27:17,NA
NA,1,1,453,5,0,0,2025-04-12 07:45:15,NA
NA,NA,16,96,4,1,0,2025-10-05 14:04:48,NA
336,4,11,532,NA,0,0,2025-03-04 03:24:30,NA
337,4,11,81,3,1,0,2025-03-18 06:26:00,NA
338,3,7,NA,3,0,0,2025-08-27 14:02:44,NA 
339,2,6,NA,5,1,0,2025-06-20 02:13:45,NA
340,2,4,106,3,0,0,2025-06-29 09:21:27,NA
341 ,4,11,395,4,0,0,2025-03-03 05:07:30,NA
342,4,11,245,1,0,0,2025-03-03 15:02:14,NA
343,4 ,11,205,4,0,0,2025-03-16 02:49:18,NA
NA,6,NA,119 ,4,0 ,0,2025-10-02 01:01:30,NA
345,3,9,70,2,0 ,0,2025-08-27 00:16:24,NA
346,3,NA,364,7,1,0,2025-08-17 16:22:25,NA
347,4,11,634 ,4,0,0,2025-03-06 07:38:33 ,NA
348,6,16,287,4,1,0,2025-10-05 01:51:44,NA
349,4,11 ,441,4,0 ,0 ,2025-03-21 01:16:23,NA
350,2,5,514,3,0,0,2025-06-24 05:38:35,NA
351,6,17 ,489,2,NA,0,2025-10-09 02:22:39,NA
352,4,11,411,1,0,0,2025-03-11 06:44:43,NA
353,6,NA,46 ,1,NA,0,2025-10-03 10:42:13,NA
354,7,NA,682,3,NA,0,2025-11-27 20:06:32,NA
355,2,5,221,8,0,0,2025-06-17 03:46:05,NA
356,6,16,333,NA,0,0,NA,NA
357,NA,11,NA,1,0,0,2025-03-08 10:47:36,NA
358,NA,17,276,3,0,0,NA,NA
359 ,4 ,11,112,3,0,0,2025-03-09 18:40:57,NA
NA,2,4,275,6 ,0,NA,2025-07-05 08:14:55,NA
361,5,13,436,4,0,NA,2025-07-30 15:05:27,NA
362,4,11,150,4,NA,0,2025-03-21 04:49:07,NA
363 ,5,NA,197,4,0,0,NA,NA
364,6,17,303 ,2,0,0,2025-10-06 22:31:20,NA
NA,3,9,458,NA,0,0,2025-08-17 08:19:06,NA
366,5,14,676,3,NA,0,2025-08-05 10:26:31,NA
367,6,18,239,4,1,0,2025-10-10 08:30:46 ,NA
368,7 ,NA,310,2,0,0,2025-11-03 15:50:54,NA
369,6,17,60,4,0,0,2025-10-13 08:32:10,NA
370 ,7,21,622,2,0,0,2025-11-26 02:02:43,NA
371 ,2 ,4,472,8,1,0,2025-06-14 05:45:40,NA
372,NA,4 ,618,3,0,0,2025-06-19 03:06:09,NA
373,4,NA,262 ,4,1 ,0,2025-03-17 02:50:19,NA 
NA,1,2,617,4,0,0,2025-04-26 03:28:15,NA
375,3,7,482,3,0,0,2025-08-17 06:04:01,NA
376,7,21,187,7,NA,NA,2025-11-01 16:59:32,NA
NA,5,15,NA,3,1 ,0,2025-07-26 02:25:38,NA
378,2,4,470,4,0,0,2025-06-11 08:12:38,na 
379,6,16,281,1,0,0,2025-09-26 22:55:47,NA
380,5 ,NA,75,2,0,0,2025-07-20 23:40:44,NA
NA,2,4,524,NA,0,0 ,2025-06-13 22:11:43,NA
382,7,20,545,4,0,0,2025-11-27 03:43:54,NA
383,2 ,NA,369 ,7,0,NA,2025-07-03 17:24:06,NA
384,5,13,342,2,0,0,2025-08-04 12:17:31,NA
385,5,15 ,493,NA,0,0,NA,NA
386,NA,NA,376,2,0,0,2025-08-23 07:08:26,NA
387 ,4,NA,477,3,0,0,2025-03-15 16:55:16,NA 
388,2,4,95,6,0,0,2025-06-19 16:20:55,NA
389,7 ,21,406,4 ,0,0,2025-11-14 13:41:55,NA
390,NA,11,330 ,4,0,0,2025-03-14 05:33:30,NA
391,7,NA,576,6,1,0,2025-11-04 00:11:30,NA
392,2,4,74,7 ,NA,NA,2025-06-21 01:53:49,NA
NA,5,13,108,3 ,0,0,2025-07-22 02:45:01,NA
394,5,13,NA,3,0,0,2025-07-25 23:51:36,NA
395,2,4,16,NA,1,0,2025-06-30 15:22:30,NA
396,2,4,223,8,1,0,2025-06-26 02:00:53 ,NA
397,5,13,167,4,0,0,2025-07-31 05:39:52,NA
398,5,13,432,2,0 ,0,2025-07-28 07:22:15,NA
399,5,15 ,277,2,0,0,2025-07-24 07:45:39,NA
400,5,14 ,641,4,0,NA,2025-07-31 12:22:33,NA
401,2 ,4,90,1 ,0,0,2025-07-02 17:44:30,NA
402,1,3,618 ,2,0,0,2025-04-21 01:27:39,NA
403,1,1,347,8 ,0,0,2025-04-18 08:33:13,NA
404,4,11,708 ,2,1,0,2025-03-01 20:02:57,NA
405,2,6 ,494,7 ,0,0,NA,NA
406,6,16,28 ,NA,0 ,0,2025-10-03 22:52:19,NA
407,7,21 ,NA,1,0,0 ,2025-11-16 13:16:02,NA
408,2,6,545 ,8,0,0,2025-06-19 06:19:24,NA 
409,6,17,561,3,1,0,2025-09-28 13:44:13,NA
410,5 ,13,463,2,NA,0,2025-07-28 13:21:12,NA
411 ,1,3,673,6,NA,0,2025-04-13 05:32:19,NA
412,3,9,189,3,0,0,NA,NA
NA,2 ,4,NA,5,NA,0,2025-06-29 22:17:30 ,NA
414,NA,8,283,8,1,0,2025-08-18 10:37:07,NA
415,6 ,16,78,NA,0,0,2025-10-08 17:17:15,NA
416,3,7,339,2,0,0,2025-09-01 09:25:28,NA
417,NA,7,70,NA,0,0,2025-08-29 20:46:46,NA 
418,1,1,408 ,7,0,0,2025-04-19 13:03:13,NA
419,3,8,NA,3,0,0,NA,NA
420,6,18,168 ,NA,0,0,2025-09-29 12:21:14 ,NA
421,2,5,479 ,7,0,0,2025-06-21 11:17:29,NA
422,7,19,539,7,0,0,NA,NA
423,6,NA,344,4,0,0 ,2025-10-08 15:29:04 ,NA
NA,4,10,503,3,0,0 ,NA,NA
425,4,11,342,3,0,0,2025-03-22 01:09:28,NA
426,7,20 ,491,6,2,0,2025-11-02 10:56:03,NA
427,NA,11,583,4,0,0,2025-03-17 17:35:43,NA
428 ,6,16 ,NA,4,0,0,2025-10-12 21:18:30,NA
429,7,19,208,4,0 ,0,2025-11-03 15:57:08,NA 
430,7,21,185,1,0,0 ,2025-11-06 11:12:05,NA
431,4,11,198,3,1 ,0,NA,NA
NA,7,21,393,4,0,0 ,2025-11-14 01:26:59 ,NA
433,3,7,483,2,0,0,2025-08-28 00:09:24,NA
434,6,16,NA,3,2,NA,2025-10-08 02:50:18,NA
435,4,11,546,3,0,0,2025-03-08 04:37:22,NA
436,3 ,9,90,5,0,0,NA,NA
437,5,13,610,1,0,0,2025-07-21 04:11:20,NA
438,2,4,282,1,0,0,2025-06-11 02:23:32,NA
439 ,5 ,14,77 ,1,0 ,0,2025-07-25 20:05:05,NA
440,3,7,337 ,3,0,0,2025-08-19 00:51:09,NA
NA,1,3,453,6,NA,0,2025-04-20 06:43:02,NA 
442,NA,8,47,7,1,0,2025-09-04 04:50:55,NA
443,6,17,349,1,0,NA,2025-10-09 11:17:08,NA 
444,6 ,16,494,4,1,NA,2025-10-08 06:08:56,NA
445,6,NA,640 ,1,0,0 ,2025-10-01 13:16:31 ,NA
446,1,1,134 ,7,0,NA,2025-04-05 12:18:32 ,NA
447,4,10,374,4 ,0,0,2025-03-04 15:21:23,NA
448 ,4,11,351,2 ,NA,0,NA,NA
449,5,13,39,NA,0,0,2025-08-06 10:52:42,NA
450,4,10,390,2,0,NA,2025-03-05 07:10:02,NA
451,2,NA,401 ,2,0,0 ,2025-06-25 05:09:10,NA
452,3,7,408,4,0,0,2025-08-30 17:16:13,NA
453,2,5,527 ,6,1,0,2025-07-04 14:13:59,NA
454,1,2,50,6,2,0,2025-04-12 23:46:40,NA
NA,4 ,11,3,NA,0,0,NA,NA
456 ,7,NA,545,3,0 ,0,2025-11-06 10:03:25,NA
457,4,NA,549 ,1,0 ,0,2025-03-11 02:09:15,NA
458,2 ,4,590 ,6,0,0,2025-06-12 00:31:58,NA
459,5,14,226,4,NA,0,2025-08-02 09:34:10,NA
460,3,7,82,6,NA,0,2025-08-31 23:23:41,NA
461 ,4,11,533,2,0,0,2025-03-20 04:33:35,NA
462,7,21 ,NA,1,0,NA,2025-11-15 03:58:58,NA
463,4,11,386,3,1,0,2025-03-05 15:41:49,NA
464,2,4,329,3,0,NA,NA,NA
465 ,NA,4,396,2,0,0,2025-06-26 19:32:05,NA
466,5,15,679,4,2,1,NA,NA
467,4,11,544,3,0,0,NA,NA
468,4 ,11,562,4,1,0,2025-03-18 03:37:51,NA
469,3 ,7,239 ,7 ,0,0,2025-09-01 08:47:08,NA
470,1,2,464,4,1,0,NA,NA
471,3,9 ,631 ,7,NA,0,2025-08-31 13:42:22,NA
472,5 ,15 ,108,4 ,0,0,2025-07-23 03:58:43,NA
473,2,4,678,1,0,0,2025-06-15 04:08:18,NA
474,4,NA,507,3,0,0,2025-03-10 10:12:13,NA
NA,4,11,103 ,3,0,0,2025-03-02 03:47:49,NA
476,4,11,27,1 ,0,0,2025-03-16 23:42:54,NA
477,6 ,17,452,4,0,NA,2025-10-02 01:30:49,NA 
478,6,17,567,1,0,NA,2025-10-16 15:48:41,NA
479 ,3,7,226,5,0,NA,2025-09-01 21:02:46,NA
480 ,3,7,NA,2,0,0,2025-09-01 10:06:03,NA 
NA,2,4,NA,8,NA,0 ,2025-06-15 15:28:13,NA
482,2,5,18,NA,0,0,2025-06-26 01:49:15,NA
483,5,15,645,NA,1,0,2025-07-24 19:20:15,NA
484 ,3,8,207,3,0,0,2025-08-18 02:12:51,NA
485,2,4,688,4,0,0 ,2025-06-26 07:07:57,NA
486 ,3,7,322,3,0 ,0 ,2025-08-21 14:03:37,NA
487,5,15,74,NA,0 ,0,2025-07-24 10:42:05,NA
NA,6,16,150,2,0,0,NA,NA
489,3,8,593,NA,1,0,2025-08-29 15:20:37 ,NA
490,4 ,10,52,2,0,0,2025-03-08 06:02:53,NA
491,5,15 ,561,2,0,0,2025-08-05 00:49:07,NA
492,2,5,460,2,0 ,0 ,2025-06-17 10:01:23,NA
493,4 ,11,30,4,0,NA,2025-03-19 00:09:23 ,na 
494,4,11,57,2,0,0 ,2025-03-10 02:53:15,NA
495,6 ,18,NA,1,0 ,0,2025-10-14 05:41:39,NA
496,5,15,124,1,0,NA,2025-07-20 09:45:38,NA
497,6,17,573 ,NA,0,0,2025-10-02 18:19:02,NA
498 ,4,11,188,1 ,0,0,2025-03-07 05:47:22,NA 
499,7,21,25,3,1 ,0,2025-11-19 06:16:51,NA
500,3,7 ,265,3,0,0,2025-08-29 06:07:32,NA
501,3,8,308,NA,NA,0,2025-08-15 22:34:59,NA
502,6,18,556,3,0,0,2025-10-10 09:21:06,NA
503,5,NA,429,4,0,0,2025-07-23 03:27:35,NA
504 ,6,17,426,3,0,NA,2025-10-11 06:36:09,NA
505,4,12,661,4,1 ,0,NA,NA
506,5,14 ,407,NA,NA,0,2025-07-23 10:41:10,NA
507,NA,11,501,2,0,NA,2025-03-08 16:47:21,NA
508,4 ,11,506 ,4,0,0,2025-03-08 20:28:45,NA 
509,2,4,451,7,0,NA,2025-07-02 20:33:52,NA 
510,1,1,246,4,1,NA,2025-04-26 03:28:57,NA 
511,6,16,NA,1,0,0,2025-10-06 06:07:48,NA
NA,3,7,183,4,0,0,2025-08-19 10:12:52,NA
513,5,14,565,2,1,0,2025-07-30 13:13:13 ,NA
514,3,NA,648,5,1,0 ,2025-08-21 19:13:11,NA
515,2,4,691,7,0,0,2025-06-28 19:58:34,NA 
516 ,6,18,52,NA,NA,NA,2025-10-09 02:21:47,NA
517,3,7,494,1,0,0,2025-08-29 10:49:20,NA
518,3 ,7,170,NA,0,0,2025-08-18 00:26:23,NA
519,4,11,584,4,0,0,2025-03-13 03:14:46,NA
520,1,2,371,4,0,0 ,2025-04-22 17:06:05,NA 
521,5,14,165,3,NA,0,2025-07-22 18:26:03,NA
522,4,11,266,4,0,0 ,2025-03-02 09:07:02,NA
523,6,18,27 ,1,0,0,2025-10-05 04:20:59,NA
524,NA,NA,387,4,0,0 ,2025-06-26 10:58:00,NA 
525,3,8,651,7,1 ,0,2025-08-30 20:05:53,NA
526,4,11,657,3,NA,0,2025-03-21 03:59:00,NA
527,4,11,435,2,0 ,0,2025-03-10 08:46:24,NA
528,6,16,NA,1 ,0 ,0,2025-09-28 21:33:17,NA
NA,1,1,122 ,8,0,NA,2025-04-17 02:55:25,NA
530,4,10,NA,4,0 ,0,NA,NA 
531,6,16,337,3 ,2,0,NA,NA
532,5,14,NA,NA,0,0 ,2025-08-01 01:31:22 ,NA
533,7,20,664,4,0,0,2025-11-15 13:32:35,NA
534,4,NA,205,1,0,0,2025-03-11 08:19:18,NA
535 ,6,16,528,4,0,0,2025-10-11 04:19:34,NA
NA,4,11,543,1,0,NA,2025-03-09 05:05:24,NA
537,NA,8,392,7,0,0,NA,NA
538 ,1,1,363,NA,1,0,2025-04-15 11:05:25,NA
539,6,17,NA,1,1,0,2025-09-30 02:06:34,NA 
540,4,11,470,NA,0 ,0,2025-03-17 01:35:42,NA
541,3,8,NA,NA,0,NA,2025-09-01 13:19:24,NA
542 ,NA,11,355,3,0 ,0,2025-03-11 03:01:13,NA
543 ,4,11,NA,NA,0,0,2025-03-22 08:17:54 ,NA
544,4,10,23,4 ,0,0,2025-03-05 18:13:53,NA
545,6,18,355,1,0 ,0,2025-09-25 06:19:35,NA
546,3,7,NA,2 ,0,0,2025-08-17 23:01:12,NA
547,NA,11 ,262,4 ,0,0,2025-03-10 06:54:32,NA
548,2 ,NA,347,7,0,0,2025-07-01 12:23:34 ,NA
549,7 ,21,410 ,1,0,0,2025-11-05 13:26:24,NA
550,1,2,446,3,0,0,2025-04-18 13:51:43,NA
551,NA,9,NA,3,0,0,2025-08-26 16:49:51,NA
552,4,11,428,3,NA,0,2025-03-06 09:23:04,NA
553 ,3,NA,367,4,0,0,NA,NA
554,5,13,220,2,0,0,2025-07-20 12:29:44,NA
555,4,11,302 ,1,0,0,2025-03-02 01:31:20,NA
556,NA,8,46,4,0,0,2025-08-17 23:21:57,NA
557,3,NA,246,6,0,0 ,2025-08-23 18:47:54,NA
558,4,11,272,3 ,NA,0 ,2025-03-09 06:32:18,NA
559 ,3,8,352,7,1 ,0,2025-09-01 02:49:21,NA
560,5,14,478,3,0,0,2025-07-24 12:45:31,NA
561,4,10,88,NA,0 ,0,2025-03-14 12:32:16,NA
562,6,16,504,NA,0,0,NA,NA
563,2,6,349,5,0,0,2025-06-22 01:30:39,NA
564,6 ,16,361,1,NA,0,2025-09-26 03:04:02,NA
565,2,4,465,7,0,0,NA,NA
NA,6,18,NA,1 ,0,0,2025-10-07 16:49:16 ,NA
567,2,4,59,NA,0,0,2025-06-14 23:31:30,NA
568,7,NA,NA,2,1 ,0,2025-11-26 11:30:13,NA
569 ,6,16,275,3,0,0,NA,NA
570,6,17,621,2,0,0,2025-10-02 22:56:31,NA
571,NA,11,209,3,0,0,2025-03-06 06:45:13,NA 
572,3,7,NA,NA,0,NA,2025-08-20 17:33:32,NA
573,4,11 ,NA,4,0,0,2025-03-04 07:39:58,NA
574 ,3,9,489,4,1,0,2025-08-25 06:30:38,NA
575,6,16,551,3,1,0,2025-10-10 09:07:06,NA
576,2,4,459,8,1,0,2025-06-12 11:13:02 ,NA
NA,3,NA,335,4,0,0,2025-08-18 00:22:26,NA 
578,4,11,180,4,NA,0,2025-03-05 20:08:53,NA
579,2 ,4,NA,6,0,0,2025-07-02 14:40:16,NA
580,3,7,372,8,0,0 ,2025-08-21 05:14:28,NA
581,2 ,NA,36,7,0,0 ,2025-06-26 06:22:58,NA
582,3,8,685,8,0,0,2025-08-31 20:18:29,NA
583,NA,11,85,1 ,0,0,NA,NA
584 ,4,12,360 ,NA,0,0,2025-03-16 13:40:15,NA
585,6,17,78,2,0,0,2025-10-03 04:59:52,NA
586,3 ,NA,NA,4,0,0,2025-08-28 02:27:54,NA
587,4,11,657,1,0,0,2025-03-11 07:32:50,NA 
588,4,11,205,4,0,0 ,2025-03-16 06:18:54,NA
589,1,NA,625,4,0,0,2025-04-25 08:51:36,NA
590,3,9,403 ,7,0,0,2025-08-21 04:01:16,NA
591 ,3,8,395,1,0,NA,NA,NA
592,NA,11,353,NA,0,0,2025-03-19 18:30:39,NA
593,6,17,501,4,1,0,2025-10-13 20:04:31,NA
NA,2,4,622,1,NA,0,2025-06-14 06:45:58,NA
595,5,13,524,4,0,0,2025-07-22 20:05:29,NA
596,7,21,395,NA,0,0,2025-11-04 07:08:26 ,NA
597,NA,14 ,104 ,1 ,0,0,2025-07-24 12:06:49,NA
598,5,14,14 ,2,0,0,2025-08-06 10:53:03,NA
599,NA,13 ,461,1,0,0,2025-07-27 23:51:54,NA
600 ,4 ,11,542,4,1,0,2025-03-03 09:30:29,NA
601,2,4,250,7,0,0,2025-06-14 22:05:36,NA
602,5,14,247,1,0,NA,2025-08-05 09:08:40,NA
603,NA,21,362,3,1,0,2025-11-10 04:38:02,NA
NA,1,2,434,NA,0,0,2025-04-09 21:01:32,NA
605,2 ,4,342 ,3,0,0,2025-06-20 12:26:45,NA
NA,4,11,576,4,0,0,2025-03-12 22:27:20,NA 
607,6,17,657 ,2,0,0,2025-10-02 11:05:23,NA
608 ,6,17,687,4,0,0,2025-10-12 18:05:03,NA
609,4,12,205,3,1,0,2025-03-08 16:17:01,NA
610,NA,NA,269,1,0,NA,NA,NA 
611,NA,NA,NA,5,0,0,2025-11-19 16:32:57,NA
612 ,4 ,11,348,1,0,0,2025-03-17 14:39:25,NA
613,2,5,473 ,6,1,0,2025-06-11 12:18:46,NA
614,4,11 ,383 ,NA,0,0,2025-03-09 10:53:12,NA
615,NA,18,628,3,0,0,2025-09-26 18:23:07,NA 
616,4,11,350,3,0 ,0,2025-03-09 18:09:30,NA
617,4,11,669,4,1,0,2025-03-19 11:48:03 ,NA
618,NA,17,603,2,0 ,0,2025-09-26 22:18:47,NA
619,3,9,47 ,5,1,0,2025-08-21 19:47:21,NA
620,2,4,506,3,0,0,2025-07-05 04:35:13,NA
621,NA,4 ,154 ,NA,0,0,2025-07-02 03:08:59,NA
622,2,4,177,2,0 ,0,2025-06-15 01:57:17,NA
623,7 ,20,598,2,0,0,2025-11-23 21:49:31,NA
624,6,16,417,NA,1,0,2025-10-06 23:12:56,NA
625,6 ,16,NA,3 ,0,NA,2025-10-08 20:48:33,NA
626,NA,18 ,84 ,1 ,0,NA,2025-10-13 16:56:43,NA
627,2,NA,667,8,0,0,2025-07-04 08:39:00,NA 
628,2,5,30,6,0,0,2025-06-23 02:19:00,NA 
629,6 ,16,593,4,1,0,2025-10-02 04:50:22,NA
630,4,11,665,3,0,0,2025-03-22 00:26:10,NA
631,5,14,29 ,4,0,0,2025-08-02 21:44:55,NA 
632,5,14,194,2,0,0,2025-07-22 22:38:41 ,NA 
633 ,4,11 ,683,3 ,NA,0,2025-03-08 14:23:28,NA
634,5,NA,95,2,0,0 ,NA,NA
635,5 ,13 ,436,2,0,0,2025-07-29 11:30:45,NA
636,NA,11,44,1 ,0,0,2025-03-09 20:12:43,NA
637,NA,11,36,4,0,0,2025-03-17 09:01:32,NA 
638,5,13 ,668,1,0,0,2025-07-26 21:04:16,NA
639,4,12,595,1,1,0,2025-03-08 02:31:17,NA
640,4,10 ,264,NA,0,NA,2025-03-12 14:29:01,NA
641,4,11,125 ,3 ,0,NA,2025-03-13 10:36:11,na 
642,2,4 ,70,2,0,0,2025-06-21 12:20:19,NA
643,4,10,NA,3,0,0,2025-03-10 16:03:17,NA
644,4,10,NA,1 ,0,0,2025-03-09 04:00:01,NA
645,NA,6,329,3,0,0,2025-06-16 17:15:34,NA
646,6,17,55,3,0,0,NA,NA
647,NA,18,178,1,0,0,2025-09-27 17:54:39,NA
648,4,11,165,4,1,0 ,2025-03-11 22:55:22,NA
649,5,NA,NA,4,0,0 ,NA,NA
650,5,14,655,1,0 ,0,2025-07-31 19:20:21,NA
651,4,11,565,2,0,0,2025-03-22 02:15:28,NA 
652,3,7 ,377,NA,0,0 ,2025-08-18 05:38:35,NA
653 ,5,13,363,4 ,0,0,2025-08-04 20:10:40,NA
654,NA,4 ,550,3,0,0,2025-06-20 22:54:23,NA
655,3,7 ,641,5,0,0,2025-08-20 21:35:00,NA
NA,4 ,11,686,3,0,NA,2025-03-16 13:11:26,NA
657,NA,13,101,4,0 ,0,2025-08-06 11:24:27 ,NA
658,7,21,639,7,1,0,2025-11-19 13:46:39,NA
659,NA,11,69,3,0 ,0,2025-03-13 10:33:56,NA
660,3,9,536,NA,0,0,2025-08-25 20:37:15 ,NA
661,4,11,32,3,0,0,2025-03-06 14:24:24,NA
662,7,21,NA,2,1,0,2025-11-23 18:46:04,NA 
NA,6 ,17,32,3,1,0 ,2025-10-08 20:08:54,NA
664,7,21,542,3,0,0,2025-11-16 03:22:59,NA 
665,7,21,305,7,0 ,0,2025-11-16 14:25:16,NA
666,7,20,457,5,0,0,2025-11-04 09:07:22 ,NA
667,2,4,NA,5,2,1,2025-06-19 18:27:38,NA
NA,NA,10,318 ,3,0,NA,2025-03-12 13:35:33 ,NA 
669,4,11,364 ,4,NA,0,2025-03-03 05:03:41,NA
670,5,13,416,3,0,0,2025-07-26 13:14:12,NA
671,6,16,283 ,4,0,0,2025-10-11 06:01:30,NA
672,5,NA,220,1,0,NA,NA,NA
673,7,19,635,1,0,0,2025-11-04 20:55:46,NA
674,5,13,304,4,0,0,2025-07-23 01:29:17,NA
675,2,5,NA,8,0,NA,2025-07-01 14:54:48,NA
676 ,6,17,554 ,4,0,0,NA,NA
677,4,11,552,3,0,0,2025-03-11 20:45:57,NA
678,3 ,7,363,2,NA,0,2025-08-28 06:29:26,NA
679,5,15 ,313,1,0 ,NA,2025-07-22 07:33:45,NA 
680,4,10,552,NA,1,NA,2025-03-17 18:34:31,NA
681,2,4 ,NA,NA,0,0,2025-06-16 04:28:03,NA
682,5,14,550,3,0,0,2025-08-04 23:52:21,NA 
683,3,8,554,7,1,0,2025-08-21 02:48:47,NA
684,3,9,494,7,0,0,2025-09-03 03:34:20,NA
685,7,NA,266,NA,0,0 ,2025-11-05 19:42:51,NA
686,4,11,244,4,0,0,NA,NA
NA,2 ,4,562,2,0,NA,2025-07-03 18:10:14,NA
688,5,13,364,3,0,0,2025-07-31 09:22:45,NA
689,3,8,678,4 ,0,0,2025-08-24 20:34:52,NA 
690,5,13,141,NA,1,0,2025-07-22 22:01:45,NA
691,NA,8 ,577,7,0 ,0,2025-08-24 19:24:16,NA
692,NA,16,558,4,NA,0,2025-10-05 13:02:42 ,NA
693,3 ,9,504,4,1,0,2025-08-19 07:00:22,NA
694,2,4 ,32 ,1,0,0,2025-07-05 07:02:29,NA
695,4,11,696 ,4 ,0,0,2025-03-16 07:23:37,NA 
696,6,18,180,3,0,0,2025-09-28 08:09:46,NA
697 ,4,11,NA,4,0,0,2025-03-07 05:07:20,NA
698,2 ,NA,137,7,0,0,2025-06-16 11:22:37,NA
699,6,16 ,235,4,0,0 ,2025-10-09 15:08:52,NA
NA,NA,11,487,2 ,0,0,2025-03-21 07:40:04,NA
701,5,13,31,NA,NA,0,2025-08-10 00:38:05,NA
702,4,11,699,4,NA,0,2025-03-13 00:29:53,NA
703,4,11,577,4,0,NA,2025-03-06 18:32:13,NA
704,2,4,NA,2,0,0,2025-06-23 17:36:21,NA
705,5,14,517,NA,0,0,2025-08-09 07:58:11,NA
706 ,2,4,66,6 ,1,0,2025-06-20 06:39:52,NA
NA,6,18 ,NA,1 ,0,0,2025-09-25 13:08:50,NA
708,NA,15,329,4,0,0,2025-07-31 23:25:55,NA
709,6,18,28,1,0,0,2025-10-11 07:11:12,NA
710,2,5 ,480,5,0,0 ,2025-07-03 08:44:15,NA
NA,2,NA,214,6,0,0,2025-07-05 04:40:41,NA
712,4,NA,NA,4,1,NA,2025-03-04 13:22:06 ,NA
713 ,5,15 ,514,2,0,0,2025-07-27 17:46:08,NA
NA,3,8,569,6,0,0,2025-08-22 06:31:45,NA
715,6,18,95,2,0,0,2025-10-07 10:56:11,NA 
716,4 ,12,166,NA,NA,0,2025-03-16 15:07:12,NA
717,4,NA,526,3 ,0,0,2025-03-08 20:01:45,NA
NA,6,18,317,3 ,0,0,2025-09-27 20:41:55,NA
719,4,NA,345 ,3 ,0,0 ,2025-03-06 15:35:57,NA
720,6,17,NA,1,0,0,2025-09-26 03:37:23,NA
721,7,21,641,4,0,0,2025-11-20 01:53:16,NA
722,2,4,NA,5,0,0,2025-06-27 04:21:18 ,NA
723,4,11,519,2,0,0,2025-03-11 09:35:58,NA
724,2 ,4,50 ,3,0,0,2025-06-11 08:54:39,NA
725,2,4 ,8,2,0,0,2025-06-18 01:42:14,NA
726,2,4 ,149,8,NA,0,2025-07-03 09:48:32,NA
727,NA,13,37,4,1,0,2025-07-28 20:51:14,NA
728,4,11,85,1,0,0,NA,NA
729,6,16,392,1,0,NA,2025-09-26 02:03:00,NA 
730,2,4,NA,7,0,NA,2025-06-21 13:39:36,NA
731,7,21,479 ,NA,1,0,2025-11-14 21:01:51,NA
732,4,12,469,4,1,NA,2025-03-20 05:34:34,NA
733,NA,18,234,3,0 ,0,2025-10-15 20:35:47,NA
734,3 ,8,41,4,0,0 ,2025-08-21 17:11:12,NA
735,7,20,700,1 ,0 ,0,2025-11-09 00:28:24,NA 
736,NA,10 ,659,NA,0,0,2025-03-16 23:09:26,NA
737,NA,4,NA,1 ,0,0,2025-06-26 18:45:14,NA
NA,7,21,688,1,0,0,2025-11-01 03:33:18,NA 
739 ,3,7,263,7,0,0,2025-09-04 05:01:05,NA
NA,4,11,396,2,NA,0,2025-03-06 17:42:17,NA 
741,NA,11,350,3,0,0,2025-03-04 03:05:20,NA
742,6,18,37,4,0,0,2025-10-10 05:07:54,NA
743,4,11,686,3,0,0,2025-03-07 00:42:06,NA
744 ,3,9 ,577,3,0,0,2025-08-24 17:53:05,NA
745,6,17,22,2,1,0,2025-10-09 01:30:14 ,NA
NA,NA,9,562,2,0,0 ,2025-09-01 00:53:58,NA
747,4,11 ,639,3,0,0,2025-03-06 18:53:38,NA
748,7,21,591,4,1,0,2025-11-11 17:01:45,NA
749,NA,NA,605,NA,0,0,2025-06-24 11:14:13,NA
NA,1,1,282,4,0,0 ,2025-04-26 04:12:08,NA
NA,3,7,525,3,0,0,2025-08-31 18:09:47 ,NA
752,7,20,476,5,2,0,2025-11-24 00:46:46,NA
753,6,16,507,3,1,0,2025-09-26 03:54:30,NA
754,4 ,11,9,3,0,0,NA,NA
755,4,11,428,NA,0,0,2025-03-09 01:38:55 ,NA
756,NA,18,661,3,0,0 ,2025-10-11 09:42:42,NA
757 ,5,13,291,4 ,1,0,NA,NA
758,2,4,368,3 ,0,0,2025-07-04 13:39:49,NA
759,4,11,98,1,0,0,2025-03-09 12:50:28,NA
760 ,3,7,208,6 ,NA,0,2025-09-05 05:23:42,NA
761,7,21,98,1,0,0,NA,NA
NA,NA,7,242,5 ,1,0,2025-08-16 13:44:11,NA
763,2,NA,311 ,7,0,0,2025-06-27 06:35:54,NA
764,4,11,421,4,0 ,0,2025-03-16 04:11:23,NA
NA,NA,9 ,95,8,1,0,2025-09-04 03:47:40,NA
766,5,13,640,4,0 ,0,2025-07-30 02:43:21,NA
NA,5,15,120,2,0,0,2025-07-22 07:48:27,NA
768,4 ,11,533 ,1,0,0,2025-03-18 15:42:09,NA
769,3,9,226,4,0,0,2025-09-04 02:22:56,NA
770 ,NA,16,492,1,NA,0,2025-09-28 01:18:49 ,NA
771,2,NA,45,5,0,0,2025-06-27 16:31:36,NA 
772,4,NA,514,3 ,0 ,0,2025-03-11 02:43:06 ,NA
773,5,13,351,2,0,0,2025-08-02 19:35:39,NA
774,6,17,13,2,0 ,0,2025-10-09 12:11:27,NA
775,5,13,374,1,0 ,0,2025-07-23 16:24:05,NA
776 ,4,NA,NA,3,1,NA,2025-03-19 01:59:18,NA
777,2,4,443,2,0,0,2025-06-16 21:47:31,NA
778,4,11,157,3,0,0,2025-03-10 09:53:43,NA
779,2,4,156,6 ,0,0,2025-07-01 02:54:07,NA
780,3,8,552,4,NA,NA,NA,NA
781,7,21 ,195,7,1,0,2025-11-11 15:53:10,NA
782,6,18,360,NA,NA,0,2025-10-14 10:20:41,NA
783,6,17,14,NA,0,0,2025-09-28 01:18:05,NA 
784,4,NA,139,1,0,0,2025-03-15 04:04:04,NA 
785,5,14,694 ,4 ,0,0,2025-07-31 04:35:08,NA
786,4,11,286,4,0,0,2025-03-12 15:17:40,NA 
787,6 ,18,474,2,0,0,2025-10-09 14:32:47,NA
788,4,11,38,2,NA,0,2025-03-12 03:15:37,NA
NA,7,20,460 ,4,0,0,2025-11-03 13:57:22,NA
790,4,NA,14,NA,0,0,2025-03-11 04:12:08,NA 
791,2,4,196,4,NA,0,2025-06-23 00:37:25,NA
792,5,13,632,1,0,0,2025-07-30 13:31:21,NA
793,2,4,506,5,1,0,2025-06-24 17:52:18,NA
794,4,11,394,NA,1,0,2025-03-01 15:14:01,NA
795,3,9,334,3,0,0,2025-08-29 10:40:36,NA
796,5,15,455,4,0,0,2025-08-03 01:28:46,NA
797 ,3,7,10,1,0,0,2025-08-30 18:43:40,NA
798,2,4,366 ,6,0,0 ,2025-06-21 01:31:06,NA
799,4,11,5,4,1,0,2025-03-15 01:27:08,NA
800,5,13,206,3 ,0,0,2025-07-26 16:06:26,NA 
801,NA,13,562,4,0,0 ,2025-08-02 12:53:17,NA
802,7,20,395,8,NA,0,2025-11-24 16:45:34 ,NA
NA,2,4,515 ,6,0,0,2025-06-10 21:08:23,NA
804,2,4,688,6,0,0,2025-07-01 10:04:45,NA
805,5,13,159,2,1,0,2025-08-05 00:21:50,NA
806,4,11 ,215,3,0,0,2025-03-11 15:35:40,NA
807,7 ,21,422,1,0,0,2025-11-07 21:49:26,NA
808,5,NA,609,NA,0,NA,2025-08-05 07:14:43 ,NA
809,2,4 ,46,2,NA,0,2025-06-13 11:24:11 ,NA
810,4,10,255,2,0 ,0,2025-03-09 23:55:31 ,NA
811,1,1 ,671,8,0,0,2025-04-17 21:33:52,NA
812,7,21,450,NA,1,0,2025-11-25 00:26:41,NA 
813,NA,16,432,4,2,1,2025-10-07 23:46:29,NA
NA,2,4,NA,2,0,0,2025-07-05 06:40:39,NA
815,2 ,4,608,8,0,0,2025-06-17 23:37:09,NA
816,3,7,531,3,0 ,0,2025-08-24 17:34:00,NA
817,NA,17,NA,4,0,0,2025-10-14 08:54:54,NA
818,NA,8,NA,7,0 ,0,2025-09-03 15:30:34,NA
NA,3,7,19,2,0,0,2025-08-31 08:19:48,NA
820,2,4,NA,7,0,0,2025-06-20 10:16:32,NA
821,6 ,16,186,1,0,0,2025-10-11 06:46:05,NA
822,NA,NA,279,2,0,NA,2025-06-10 22:27:31,NA
823,7,19 ,NA,1,0,0,2025-11-11 20:49:39,NA
824,2,4,NA,5,0,0 ,2025-06-24 03:57:55 ,NA 
825,4,11,601 ,3,0 ,NA,2025-03-14 13:58:19,NA
NA,NA,4,382,7,0,0,2025-06-15 09:57:33,NA
827,4 ,11,435,1,0,0,2025-03-13 17:49:55,NA 
828,3,7,NA,2,0,0,2025-09-01 22:29:38,NA
NA,3,9,331,2,0,0,2025-08-20 13:23:27 ,NA
830,NA,18,212,NA,0,0,2025-10-03 11:59:52,NA
831,1,2,NA,1,0,0,2025-04-20 01:09:43,NA
NA,4,11,115,1,0,0,2025-03-08 13:53:39,NA
833,4 ,11,308,3,0,0,2025-03-15 21:52:51,NA
834,4,11,139,1,0,NA,2025-03-21 08:06:13 ,NA
835,NA,NA,68 ,3,1 ,NA,2025-11-14 18:59:53,NA
836,2,5,117,8 ,1,0,2025-06-27 04:07:54,NA 
837,4,10,NA,1,0,0,2025-03-22 04:02:07,NA
838,6,16,394,4,0,0,2025-10-07 03:45:44,NA
839,4,NA,588,3,0,0,NA,NA
840 ,2 ,4,646,6,0,0,2025-07-04 05:33:46,NA
841,2,4,558,4,0,0,2025-07-05 01:43:19,NA
842,6,17,605,3,0,0,2025-10-11 05:37:07,NA
843,6,18,21,4,1,0,2025-10-12 01:28:30,NA
844 ,NA,7,441,NA,0,0,2025-08-20 06:46:26,NA
845,2,4 ,173,7,0,0,2025-06-21 23:28:35,NA
846,4,10,356,3,0,0,2025-03-19 12:04:16,NA
847,3,7,592,3,0,0,2025-08-29 03:32:32 ,NA
NA,2 ,4,522,5,0,0,2025-06-24 19:13:24 ,NA
849 ,3,8,558,8,1,0,2025-08-29 18:25:47,NA
850,5,NA,149,4,NA,0,2025-07-31 02:33:41,NA
851,2,5,170,8,0,0,NA,NA
852,4,11,272,4,NA,0,2025-03-19 10:59:36,NA
853,6,18,350,NA,0,0,2025-10-08 18:10:03,NA
854,4,11 ,NA,3,1,0,2025-03-05 12:51:57,NA
855,4,11,NA,3,1 ,0,2025-03-07 10:39:13 ,NA
856,6,17,442 ,1,NA,0,2025-10-12 21:15:01,NA
857 ,NA,11,298,1,0,NA,2025-03-06 04:38:09,NA
858,4,11,557,4,NA,NA,2025-03-20 04:30:27,NA
859,4,11,676,3,1,0,2025-03-05 20:20:34,NA
NA,2,NA,39,5,0,0,NA,NA
861,2,5,200,7,0,0,2025-06-16 18:03:12,NA
862,4,11,NA,3,0,0 ,2025-03-08 21:55:06,NA
863 ,6,18,13,1,0,NA,2025-10-04 13:16:48,NA
864,2,5,101,5,0,0,2025-06-23 11:00:44,NA
865,3,8,327,8,0,0,2025-08-27 16:23:55,NA
866,NA,10,NA,4 ,0,0,2025-03-13 01:04:18,NA
867,2,NA,510,2,0,0,NA,NA
868,6,17,203,4 ,0,0 ,2025-10-09 04:33:17 ,NA 
869,3,7,540,3,0,0 ,2025-08-27 12:43:51,NA
870,3,8,374,3,0,0,2025-08-24 08:11:44,NA
871,6,16,485,NA,0 ,NA,2025-09-29 21:39:17,NA
872 ,NA,7,318,1,0,0,2025-09-01 03:43:32 ,NA
873 ,4,11,378,3,0,0,2025-03-01 08:19:11,NA
874,4,11,99,4,0 ,0 ,2025-03-22 11:00:44,NA
875,4 ,12 ,245,4,0,0,2025-03-14 03:52:42,NA 
876,4,11,170,4,0,0 ,2025-03-07 10:00:36,NA
877,NA,11,586,2,0,0,2025-03-03 14:58:22,NA
878,2,4,449,2 ,0,0,2025-06-28 06:08:25,NA
879,5,NA,249,3,0,0,2025-07-29 05:18:41,NA
880,4 ,12,414 ,4,0,0,2025-03-16 11:45:34,NA
881,6 ,17 ,358,3,0 ,0,NA,NA
882,6,17,696,2,1,0,2025-10-16 06:12:29,NA
883,4,11,94,3,NA,0,2025-03-18 22:24:20,NA
884,4,NA,NA,3,NA,0,2025-03-14 22:40:11,NA
885,6,17,563,1 ,1,0,2025-10-10 04:45:57,NA
886,NA,18,188 ,4,0,0,2025-10-06 06:27:49,NA
887,NA,11,190,1,0,0 ,2025-03-10 02:24:54,NA
888,5,13,411,3,0,0,2025-07-21 07:26:15,NA
889 ,2,4,484,4,0,0,2025-06-16 19:07:30,NA
890,3,NA,436,6,0,0,2025-08-24 01:35:45,NA
891,5,14,443 ,1,0,0,2025-08-09 00:16:16,NA
892,4,11,NA,3,0,0 ,2025-03-12 22:42:49,NA
893,4,11,256,4,0,0,2025-03-09 23:00:40,NA
894 ,4,11,435,3,1,0,2025-03-20 07:45:36,NA
NA,4,NA,567,4,0,0,2025-03-09 07:50:26,NA
NA,7,21,518,2,0,0,2025-11-01 09:15:01,NA
897,5,14 ,383 ,NA,0,0,2025-07-24 02:49:45,NA 
898,5,NA,NA,4,0,0,2025-07-25 06:42:47,NA
899,3,9,384,7,0,0,2025-08-26 12:21:54,NA
900,2,4,624,5 ,0,0,2025-07-02 00:53:34,NA
901,4 ,NA,308,1,0,0,2025-03-15 16:44:51,NA
902,4,11,NA,1 ,1,0,NA,NA
903,6,16,289,4 ,0,0,NA,NA
904,2,5 ,176,2 ,0,0,2025-07-01 15:00:45,NA
905,6,16 ,359,2,1,0,2025-10-15 15:50:45,NA
906,4,11,498 ,2,0,0,2025-03-17 22:01:09 ,NA
907,2,4,568,8,0,0,2025-06-18 00:56:43,NA
908,2,4,168,4,0,0,2025-06-21 14:16:33,NA
909,6,16,210,3,1,0 ,2025-10-09 12:33:59,NA
910,5,15,493,3,0 ,0,2025-07-21 12:34:56,NA
911,6,18,672,1,0 ,0 ,2025-10-12 22:24:49,NA
912,4,11,343,3,0,0,2025-03-16 08:53:07,NA
913,4,11,566 ,4,0,0,2025-03-05 13:10:53,NA
914,6,16,116,2,0,0,2025-09-26 01:23:23,NA
915,NA,12,492,1,0,0,2025-03-11 23:31:39,NA
916,4,11 ,655,4,0,0,2025-03-07 11:42:41,NA
917,2 ,4,303,2,0,0,2025-06-20 16:13:54,NA
918,NA,14,350,4,NA,NA,2025-07-29 20:12:36 ,NA
919,NA,19,582,4,0,0,2025-11-13 20:35:43,NA
920,6,17,674,3,0,0,2025-10-04 19:08:31,NA
921,7,NA,571,4,1,0 ,2025-11-21 12:34:12,NA
922,1,2,NA,4,0,0,2025-04-17 21:40:16,NA 
923 ,NA,11,404,2,NA,0,2025-03-09 00:15:35,NA
924 ,6,18,288,3,0,0,2025-09-29 12:36:18,NA
925 ,4,11,4,3,0,0 ,2025-03-18 04:33:38,NA
926,5,13,308 ,3,0,0,2025-07-27 07:41:09,NA
927,2,4,NA,4,NA,0,2025-06-23 14:19:31,NA
928,3,8,196,7,1,0,2025-09-04 07:52:01,NA
NA,4,11,80,3,1,0,2025-03-02 20:21:35,NA
930,7,21,332,2,0,0 ,2025-11-19 10:25:17,NA
931,2,NA,698,1 ,0,0,2025-06-20 22:44:06,NA
932,4,11,292,4,0,0,NA,NA 
933,2,4,240,8,0,0 ,2025-06-13 01:21:53,NA
934,3,7,519,3 ,0,0,2025-08-17 21:24:30,NA
935,3,9,190,NA,0,0,2025-08-25 10:17:31,NA 
936,4,11,417,1,0,NA,2025-03-05 13:52:41,NA
937,4,11 ,530,NA,0,NA,2025-03-14 22:22:49,NA
NA,3,9,530,2,0,0 ,2025-08-22 08:29:39,NA
NA,5,13,354,4,0,0,2025-07-21 18:27:38,NA
940,NA,16,676 ,2,0 ,0,2025-10-10 23:57:54 ,NA
941,3,9,509,6 ,0,0,2025-08-27 13:24:52,NA
942,4,NA,558,NA,0,NA,2025-03-21 03:46:47,NA
NA,5,14 ,NA,3,1 ,0,2025-08-01 10:52:14,NA
NA,5,14,326,3,0,0,2025-07-22 19:09:48,NA
945,2,4,245,NA,0,0 ,2025-06-18 04:55:38,NA
946,7,21,594,NA,1,0,2025-11-18 06:23:09,NA
947,NA,12,411,3,0 ,0,2025-03-21 12:27:32,NA
NA,5,13 ,664 ,3,0,0 ,2025-07-22 10:34:10,NA
949,NA,11,32,4,0,0,2025-03-21 14:19:07,NA
950,4,11,297 ,4,0,0,2025-03-06 15:28:27,NA
951,5,14 ,428,2,0,0,2025-07-26 03:31:34,NA
952,3,7,NA,6,0,0,NA,NA
953,4,11,480,3,0,0,2025-03-02 22:15:16 ,NA
NA,6,18,218,1,0,0,2025-10-11 23:48:45,NA
955,2,4,276,4,0,0,2025-07-03 05:40:25,NA
956,2,4,550,8,0,0 ,2025-07-03 04:32:06 ,NA 
957,NA,21 ,68 ,4,0,0 ,2025-11-12 07:39:45,NA
NA,5,14,184,3,0,0,NA,NA
959 ,6,NA,459 ,1,0,0,2025-09-28 00:17:26,NA
960,NA,11,NA,4,1,0,2025-03-17 19:37:55,NA
961,1,NA,628 ,8,1,0,2025-04-22 17:30:13,NA
962,6,17,326,3,0,0,2025-09-30 16:10:15,NA 
NA,2,4,451,4 ,0,0,2025-06-25 10:17:44,NA 
964,3,7,66,3,NA,0,2025-08-21 09:06:41 ,NA
965,4,11,428,4,0,0,2025-03-06 03:46:27,NA
NA,2,4,106,6,0,0,2025-06-24 02:55:07,NA
967,NA,7,436,7,0,0,2025-08-29 05:46:03,NA
968,4,11,607,4,0,0,2025-03-07 01:04:42 ,NA
969,2,4,168,6,NA,0,2025-06-22 10:15:06,NA
970 ,3,7,540,NA,0,0,2025-08-22 01:43:02,NA
971,4,11,NA,2,NA,0,2025-03-06 03:48:21,NA
972,6,18,290,3,0,NA,2025-10-10 21:44:06,NA
973,6,18,80,1,0,0,2025-10-01 18:09:51,NA
974,NA,NA,609,2,0,0,2025-08-21 07:12:59,NA 
NA,2,4,470,3,0,0,2025-06-21 01:27:58,NA
976,6,17,72,3,0,0 ,2025-10-01 06:06:38,NA
977,NA,7,228,6,0,0 ,2025-09-02 14:33:44,NA
978,5 ,13,470,3,0,0,2025-07-25 08:45:43,NA 
979,3,9,528,2,0,0 ,2025-08-31 15:21:13,NA
980,7,21,173,NA,1 ,0,2025-11-09 10:01:02,NA
NA,2,4,25,2,0,0,2025-06-25 21:18:44,na 
982,3,8,214,8,0,0,2025-08-16 21:58:28,NA
983,6,16,473 ,4 ,0,0,2025-10-10 11:17:06 ,NA
984,5,13,590,4,0 ,0,2025-07-30 14:52:08,NA
NA,NA,11,NA,4,0,0,2025-03-13 23:39:15,NA
986,4,11 ,NA,4,0 ,0,NA,NA
987,NA,4,533,4 ,0,0,2025-06-25 16:52:41,NA
988,6,18,62,1,0,0,2025-10-08 13:10:40,NA
989,2,4,211,4,0,0,2025-06-17 01:54:26,NA
990,6,17,239,2,0,0,2025-10-04 23:40:27,NA
991,2,4,588,4,0,0,2025-06-26 00:28:26,NA
992,6,16,NA,2,NA,0,2025-10-16 19:23:33,NA
993,3,7,16,4,0,NA,NA,NA
994,4,NA,422,3,0,0 ,2025-03-07 02:32:25,NA
995,6,16,383 ,4,1,0,NA,NA
996,NA,4,651,7,0,0,2025-06-30 15:54:58,NA
997 ,7,21,578,2,NA,0,2025-11-04 17:41:54,NA
998,7,21,534,4 ,0,0,2025-11-05 02:09:45,NA
999,NA,17,258,1,0 ,0,2025-09-26 13:40:54,NA
1000 ,4,NA,512,1,0,0,2025-03-12 17:19:01,NA
1001,NA,8,424,7,0 ,0,2025-08-21 21:13:48,NA
1002,7,NA,185,2,NA,0,2025-11-10 11:45:07,NA
1003,6,NA,184,3,0,0,2025-10-11 23:01:10,NA
1004,3,7,559,3 ,0,0,2025-08-18 09:18:22,NA
1005,4,11,163,NA,0,0,2025-03-03 17:07:39,NA
1006,4,11,600,3,0,0,2025-03-01 10:47:09 ,NA
NA,4,11,602,4,0,0,2025-03-04 01:45:45 ,NA
1008 ,6 ,17,203,3 ,0,0,2025-10-16 01:58:32,NA
NA,4 ,11,369,4,0,NA,2025-03-09 22:29:34,NA
1010 ,2,5,466,7,0,0,2025-06-12 21:12:28,NA
NA,6,16 ,579,NA,NA,0,2025-10-12 06:29:44,NA
1012,7,21,557,2,0 ,0,2025-11-26 08:50:47,NA
NA,5,NA,371,3,0,0,2025-08-09 21:06:06 ,NA 
1014,3,8,642,2,0,0,2025-09-04 02:03:15,NA
1015,1,2 ,673,5,0,0,2025-04-22 08:04:23,NA
1016,3,8,535,7,0,NA,2025-08-15 05:01:46,NA 
1017,4,11,464 ,1,0,0,NA,NA
1018,4,10,363,1,0,0,2025-03-06 17:27:35,NA
1019,7,21,667,4,0,0,NA,NA
1020,4,11,516,4,0,0,NA,NA
1021,5,NA,695,NA,0,0,2025-07-26 18:16:01,NA
1022 ,4,11,92 ,4,0,0,2025-03-12 22:51:10,NA
1023,7,21,683,NA,0,NA,2025-11-12 08:12:48 ,NA
1024,6,16,340,4,1,0,2025-10-05 00:19:31,NA
1025,7 ,20,NA,2,NA,0,NA,NA
1026,6,17,295,4 ,0,NA,2025-10-10 15:33:42 ,NA
1027,1,2,578,2,NA,0,2025-04-06 09:51:01,NA
1028,NA,8,506,5 ,0,0,2025-08-15 06:28:17,NA
1029 ,3,8,119,4,NA,0,2025-08-26 07:11:42,NA
1030,4 ,11,226,1,0,0,2025-03-13 13:48:05,NA
1031,3,NA,699,7,1,0,2025-08-26 20:33:12,NA
1032,4,11,434,4,0 ,0,2025-03-09 03:58:12,NA
NA,NA,18,351,NA,NA,0,2025-10-04 16:40:50,NA
1034 ,3,NA,530,2 ,0,0,2025-08-20 04:56:04,NA
NA,6 ,16,NA,4,1,0 ,2025-10-08 11:36:39 ,NA
1036,6,NA,31,4,0,0,2025-09-25 19:49:31,NA
1037,NA,4,265,NA,0,0 ,2025-06-25 23:29:27 ,NA
1038,3,7,189,NA,0,0,2025-08-28 10:11:44,NA
1039,7,21,NA,2,0,NA,2025-11-05 14:15:21,NA
1040,4,11,349,1,0,0 ,2025-03-13 02:43:17,NA
1041 ,4,11,138,4 ,NA,NA,NA,NA
NA,4,11 ,84,4,0,0,2025-03-12 16:16:03,NA
1043 ,4,12,552,4,0,0,NA,NA
1044,NA,17,499,1,NA,0,2025-10-06 16:01:19,NA
1045,6,17,620,4,1,0 ,2025-10-09 10:07:42,NA
1046,4,11,460 ,3,0,0,2025-03-22 13:22:18,NA 
NA,4,11,89,4,1 ,0,2025-03-06 04:09:23,NA
1048,7 ,19,NA,2 ,NA,0,NA,NA
1049,3,7,366,4,0,0,2025-08-27 22:32:56,NA
1050,4,11,678,3,0,0,NA,NA
1051,6,17,166,NA,0,0,2025-10-09 01:13:10,NA
1052,3,8,148,4,0,NA,2025-08-20 09:24:20,NA
1053,4,NA,476,4,0,0,2025-03-18 18:38:29,NA
1054,4,11,444,3,0,0,2025-03-02 05:31:01,NA
1055,4,11,209 ,2,0 ,0,2025-03-10 20:31:17,NA 
1056,6,17,NA,3,1,0 ,2025-10-02 02:50:00,NA
1057,4,11,48,NA,0,NA,2025-03-13 12:35:13,NA
1058,7 ,21,593,1,0 ,0,2025-11-24 12:33:16,NA
1059,5,13,110,1,0,0,NA,NA
NA,4,11,646,2,0,0,NA,NA
1061,3,9,431,2,0,0,2025-08-22 07:57:30,NA
1062,4,11,340,3,NA,NA,2025-03-09 14:26:27,NA
1063 ,7 ,21,613,1 ,NA,0,2025-11-03 23:04:32,NA
1064,6,16,634,3,1 ,0,2025-10-10 02:26:21,NA
1065,4,11,NA,1,0,0,2025-03-12 05:49:34,NA
1066,4,11,679,3,0,0,2025-03-21 09:45:05,NA 
1067,4,11,174,NA,0,0,2025-03-21 19:09:49,NA
1068,NA,9,326,7,0,NA,NA,NA
1069,NA,11,484,1,0,0,2025-03-05 18:19:05,NA
1070,4,11,244,3,0,0,2025-03-15 00:19:52,NA
1071,6,18,606,3,0,0,2025-10-16 02:05:47,NA
1072,NA,9 ,400,6,0,0,2025-08-24 04:14:39,NA
1073,3,8,280,NA,1,NA,2025-08-30 19:47:21,NA
1074,6,16,578,3,0,0,2025-09-26 20:34:04 ,NA
1075,4,11,700,2,NA,0 ,2025-03-11 04:18:30,NA
1076,5,13,NA,2,0,0,NA,NA
1077,4,11,546,4,NA,0,2025-03-10 03:08:03,NA 
1078,2,4,NA,7,0,NA,2025-06-20 00:18:39,NA
1079,6,17,628,4,0,0,2025-09-30 20:54:50,NA
1080 ,3 ,7,570,2 ,0,0,2025-08-31 10:20:48,NA 
1081,4,11,453,1,0,0,2025-03-22 11:55:48,NA 
1082 ,4,11,546 ,3,NA,0,2025-03-07 03:59:52,NA
1083,4,11,125,NA,0,0,NA,NA
1084,4,11,557,4,0,0,2025-03-09 00:11:40,NA
1085,NA,21,305,4,NA,0,2025-11-05 23:39:58,NA
1086,NA,7,325,6,0,0,2025-08-29 08:38:31,NA
1087,7,20,NA,4,1,0,2025-11-23 00:04:32,NA
NA,4,NA,331,3,NA,0,2025-03-03 04:08:48,NA 
1089,4,11,660,NA,NA,0,2025-03-10 04:14:22,NA
1090,6,16,655 ,3,NA,0,2025-10-13 21:38:33,NA
1091,4,11,471,3,0,0,2025-03-07 08:46:29,NA
1092 ,4,11,407,3,0,0,2025-03-06 14:00:43,NA
1093,4,11 ,311,4,0,0,2025-03-09 18:49:33 ,NA
NA,3,7 ,66,4,0,0,2025-08-15 03:28:16,NA
1095,4,11,NA,3,0,0,2025-03-10 14:29:45,NA
1096,5,14,695,1,0,0 ,2025-07-29 21:44:15,NA
1097,2,4,319,6,0,NA,2025-06-19 03:06:59,NA
1098,4,11,305 ,2,0,0,2025-03-14 03:29:48,NA
1099,4,11,142,3,0 ,0,2025-03-14 16:47:41,NA
1100,7,19 ,29,NA,0,0,2025-11-29 20:35:30,NA
