exposure_id,experiment_id,variant_id,user_id,impressions,clicks,conversions,first_exposed_at,
1,1,2,655,4,0,0,2025-04-07T21:29:57,
2,1,1,433,4,1,0,2025-04-12T16:21:18,
3,3,9,604,3,0,0,2025-08-25T03:43:16,
4,4,10,31,2,0,0,2025-03-14T14:09:09,
5,1,3,99,7,0,0,2025-04-10T09:31:22,
6,5,15,688,3,1,0,2025-08-05T03:42:21,
7,4,11,556,3,1,0,2025-03-01T10:33:05,
8,3,7,572,6,0,0,2025-08-18T23:01:33,
9,6,18,89,1,0,0,2025-09-29T06:18:16,
10,4,11,56,3,0,0,2025-03-04T22:06:56,
11,5,14,448,3,0,0,2025-07-24T16:27:00,
12,2,4,48,4,0,0,2025-06-27T06:46:11,
13,4,10,219,3,0,0,2025-03-10T03:46:37,
14,2,4,386,7,0,0,2025-06-26T09:38:41,
15,7,19,519,3,0,0,2025-11-20T19:07:05,
16,2,6,393,1,0,0,2025-06-26T23:35:24,
17,4,12,108,4,0,0,2025-03-13T22:48:39,
18,4,11,441,4,0,0,2025-03-03T08:17:46,
19,5,14,665,3,0,0,2025-07-24T09:09:07,
20,5,14,30,1,0,0,2025-07-24T13:55:49,
21,3,8,421,8,0,0,2025-08-19T06:14:18,
22,3,7,13,1,0,0,2025-08-19T05:48:04,
23,1,3,383,1,0,0,2025-04-21T05:10:36,
24,2,6,597,5,1,0,2025-06-14T05:15:28,
25,4,10,640,2,0,0,2025-03-07T06:12:19,
26,5,13,392,4,0,0,2025-08-02T02:02:42,
27,2,5,41,1,0,0,2025-06-25T13:11:51,
28,2,5,435,7,1,0,2025-07-03T13:48:21,
29,5,13,391,2,0,0,2025-07-28T06:43:42,
30,2,5,580,5,0,0,2025-06-21T01:34:25,
31,5,15,292,3,0,0,2025-08-01T09:01:26,
32,7,21,6,2,1,0,2025-11-21T10:14:57,
33,6,17,169,3,0,0,2025-09-25T20:30:31,
34,1,2,5,3,0,0,2025-04-16T00:44:15,
35,5,14,517,3,0,0,2025-08-07T21:56:21,
36,4,10,570,3,0,0,2025-03-15T08:46:22,
37,7,21,69,4,0,0,2025-11-06T01:48:56,
38,7,21,666,6,0,0,2025-11-05T05:22:02,
39,4,12,399,4,1,0,2025-03-08T08:57:24,
40,4,12,428,2,0,0,2025-03-18T20:10:09,
41,5,13,73,2,0,0,2025-07-30T02:00:13,
42,7,21,201,3,0,0,2025-11-09T02:58:33,
43,2,6,600,7,0,0,2025-06-10T15:06:57,
44,7,21,65,2,0,0,2025-11-08T03:03:17,
45,5,13,489,4,0,0,2025-07-30T10:28:31,
46,5,14,26,2,0,0,2025-07-27T05:38:07,
47,6,18,261,1,0,0,2025-10-14T14:47:40,
48,7,21,483,6,0,0,2025-11-22T00:39:21,
49,7,21,315,7,0,0,2025-11-22T04:52:40,
50,3,8,312,5,1,0,2025-08-30T07:38:09,
51,3,9,7,2,1,0,2025-08-17T00:06:40,
52,6,18,324,1,0,0,2025-10-13T16:05:24,
53,3,7,611,6,0,0,2025-08-27T03:37:13,
54,4,11,111,4,1,0,2025-03-06T21:50:33,
55,7,20,32,6,0,0,2025-11-19T20:24:03,
56,7,21,247,2,1,0,2025-11-27T20:12:46,
57,1,3,628,4,0,0,2025-04-18T20:12:22,
58,3,7,451,5,0,0,2025-08-21T21:19:49,
59,7,19,612,7,1,0,2025-11-03T05:56:19,
60,7,20,565,2,0,0,2025-11-07T12:10:03,
61,5,14,622,2,0,0,2025-07-21T07:20:07,
62,5,14,663,3,1,0,2025-08-08T01:56:57,
63,3,9,429,6,0,0,2025-08-24T13:34:31,
64,6,16,245,3,1,0,2025-09-30T08:23:51,
65,4,11,363,2,0,0,2025-03-07T00:20:22,
66,5,13,220,1,0,0,2025-08-05T19:13:08,
67,2,4,60,2,0,0,2025-06-29T19:40:37,
68,1,2,366,8,0,0,2025-04-11T09:01:42,
69,4,11,526,3,0,0,2025-03-20T19:46:46,
70,4,11,223,1,0,0,2025-03-04T11:14:45,
71,6,16,585,4,0,0,2025-10-04T14:10:13,
72,1,2,84,7,0,0,2025-04-20T22:21:34,
73,4,11,83,3,0,0,2025-03-01T17:11:21,
74,6,18,315,1,0,0,2025-10-07T01:57:35,
75,4,11,420,3,0,0,2025-03-21T02:37:54,
76,4,11,518,1,0,0,2025-03-11T11:14:35,
77,1,2,349,3,0,0,2025-04-08T21:18:35,
78,2,4,34,4,0,0,2025-06-20T09:28:28,
79,4,10,517,4,0,0,2025-03-10T12:59:02,
80,6,18,555,1,0,0,2025-09-30T14:09:23,
81,3,8,534,5,0,0,2025-09-02T09:59:27,
82,2,4,397,4,1,0,2025-07-03T02:39:01,
83,5,13,489,3,0,0,2025-08-06T07:08:54,
84,1,1,212,4,0,0,2025-04-11T12:53:50,
85,2,5,202,4,0,0,2025-06-13T12:25:00,
86,5,14,246,1,0,0,2025-07-21T15:40:52,
87,3,7,656,5,0,0,2025-08-21T18:03:49,
88,1,1,87,1,0,0,2025-04-15T14:43:01,
89,2,4,316,7,0,0,2025-06-26T09:47:38,
90,1,2,592,6,0,0,2025-04-24T04:12:57,
91,4,10,486,2,0,0,2025-03-17T12:43:51,
92,4,11,418,3,0,0,2025-03-06T20:21:56,
93,3,9,98,3,0,0,2025-08-29T13:28:03,
94,7,19,290,5,1,0,2025-11-18T18:37:32,
95,6,17,486,3,0,0,2025-10-07T01:55:26,
96,4,10,308,2,0,0,2025-03-02T17:23:51,
97,3,8,691,3,0,0,2025-09-03T22:37:10,
98,4,11,670,2,0,0,2025-03-09T06:29:51,
99,3,9,669,6,0,0,2025-08-25T01:57:46,
100,4,11,118,3,0,0,2025-03-13T13:50:19,
101,2,4,457,1,0,0,2025-07-02T16:32:08,
102,6,17,257,2,0,0,2025-10-04T16:55:05,
103,1,3,100,5,0,0,2025-04-15T07:50:08,
104,5,14,192,3,0,0,2025-08-02T05:32:59,
105,7,20,500,4,0,0,2025-11-26T00:02:45,
106,6,16,530,1,0,0,2025-10-08T06:59:03,
107,3,9,627,8,1,0,2025-08-26T20:30:39,
108,4,10,174,4,0,0,2025-03-06T01:19:31,
109,5,14,688,3,0,0,2025-07-20T06:30:39,
110,4,11,436,2,0,0,2025-03-17T17:38:51,
111,2,4,679,3,0,0,2025-06-16T21:46:01,
112,6,17,274,1,0,0,2025-09-28T10:14:26,
113,7,21,598,4,0,0,2025-11-24T08:15:34,
114,1,3,348,6,1,0,2025-04-09T10:41:30,
115,6,16,270,2,1,0,2025-10-02T19:13:46,
116,3,7,689,6,0,0,2025-08-21T20:22:05,
117,6,17,675,3,0,0,2025-10-07T13:03:42,
118,2,4,178,2,0,0,2025-06-11T15:48:05,
119,5,15,148,3,0,0,2025-07-27T22:19:28,
120,1,3,580,1,0,0,2025-04-19T02:36:58,
121,4,10,120,2,0,0,2025-03-18T08:56:26,
122,1,2,5,7,1,0,2025-04-22T20:04:23,
123,4,10,2,2,0,0,2025-03-09T22:44:00,
124,1,1,197,2,0,0,2025-04-17T18:52:07,
125,3,9,658,4,1,0,2025-08-18T17:21:19,
126,4,11,490,4,0,0,2025-03-11T21:16:58,
127,2,4,146,4,0,0,2025-06-29T01:47:32,
128,5,13,283,1,0,0,2025-07-29T21:17:43,
129,4,12,439,1,0,0,2025-03-08T19:11:21,
130,5,13,293,3,0,0,2025-07-22T11:29:36,
131,4,11,415,4,0,0,2025-03-10T20:35:19,
132,1,1,546,8,0,0,2025-04-05T17:15:59,
133,6,17,627,1,0,0,2025-10-08T09:21:52,
134,4,10,442,1,0,0,2025-03-16T03:06:51,
135,7,21,216,2,0,0,2025-11-23T21:35:17,
136,4,11,548,1,0,0,2025-03-20T00:49:50,
137,4,11,589,4,0,0,2025-03-22T16:29:08,
138,1,2,212,5,0,0,2025-04-17T09:11:34,
139,4,11,578,1,0,0,2025-03-13T08:24:59,
140,3,7,417,2,0,0,2025-08-30T10:29:52,
141,6,18,205,1,0,0,2025-09-29T22:20:46,
142,3,7,650,8,0,0,2025-08-16T23:04:37,
143,4,10,16,2,0,0,2025-03-06T21:32:16,
144,1,1,431,3,1,0,2025-04-08T16:08:11,
145,2,6,460,8,0,0,2025-07-04T04:23:58,
146,4,11,315,3,0,0,2025-03-21T03:10:00,
147,4,10,270,1,0,0,2025-03-03T23:03:16,
148,3,8,394,5,0,0,2025-08-15T17:11:28,
149,6,17,111,3,1,0,2025-10-02T21:40:55,
150,2,4,317,3,0,0,2025-06-17T07:37:53,
151,1,2,303,5,1,0,2025-04-06T14:01:24,
152,1,3,455,8,1,0,2025-04-15T05:37:40,
153,1,2,677,6,0,0,2025-04-24T17:58:28,
154,3,7,624,8,0,0,2025-08-30T02:07:25,
155,3,8,652,4,0,0,2025-08-22T11:45:20,
156,3,9,290,2,0,0,2025-08-17T23:33:02,
157,6,18,11,1,0,0,2025-09-30T00:57:16,
158,4,10,290,1,0,0,2025-03-17T02:31:43,
159,6,16,481,4,0,0,2025-10-10T13:50:22,
160,3,7,420,1,0,0,2025-08-16T13:08:08,
161,5,13,259,4,1,0,2025-07-26T11:14:44,
162,2,4,217,6,0,0,2025-06-17T20:25:25,
163,5,13,6,3,0,0,2025-07-30T01:37:22,
164,7,20,561,3,1,0,2025-11-10T15:25:27,
165,7,21,191,4,0,0,2025-11-01T22:53:25,
166,5,15,475,3,0,0,2025-07-24T02:40:23,
167,5,13,430,1,0,0,2025-08-08T04:34:25,
168,7,20,172,1,0,0,2025-11-20T15:45:53,
169,6,17,371,3,0,0,2025-09-26T15:18:10,
170,5,15,417,3,0,0,2025-07-26T12:22:41,
171,3,8,540,6,0,0,2025-08-17T02:49:24,
172,4,11,123,3,0,0,2025-03-10T23:37:47,
173,3,7,363,5,0,0,2025-08-21T01:55:02,
174,2,5,38,5,0,0,2025-07-04T05:01:40,
175,1,1,362,8,0,0,2025-04-10T10:21:34,
176,7,21,476,5,0,0,2025-11-16T02:22:50,
177,3,8,129,2,0,0,2025-09-05T17:57:22,
178,4,12,10,1,0,0,2025-03-05T19:09:35,
179,5,14,523,2,0,0,2025-07-31T01:27:53,
180,6,16,41,4,0,0,2025-10-05T01:26:17,
181,5,15,108,2,0,0,2025-07-31T18:00:12,
182,6,17,202,1,0,0,2025-10-03T01:04:11,
183,7,19,612,1,0,0,2025-11-18T01:52:18,
184,7,21,182,3,0,0,2025-11-30T07:55:33,
185,4,11,341,1,1,0,2025-03-05T06:40:49,
186,4,11,528,4,0,0,2025-03-04T08:25:22,
187,7,21,596,4,1,0,2025-11-22T14:07:31,
188,7,21,222,3,0,0,2025-11-22T01:11:45,
189,2,4,383,7,0,0,2025-06-19T14:51:59,
190,5,15,275,3,1,0,2025-08-07T16:19:47,
191,4,10,176,3,0,0,2025-03-21T02:50:43,
192,3,9,335,7,1,0,2025-08-23T20:57:12,
193,5,13,85,2,1,0,2025-07-30T02:08:34,
194,2,5,170,4,0,0,2025-06-18T23:24:43,
195,3,9,559,4,0,0,2025-09-01T22:35:31,
196,6,17,475,1,1,0,2025-09-28T19:21:58,
197,5,14,314,4,1,0,2025-08-09T01:43:38,
198,2,4,354,8,0,0,2025-06-19T20:12:06,
199,2,4,600,8,0,0,2025-07-01T21:51:20,
200,7,20,456,7,2,0,2025-11-11T00:43:25,
201,2,4,160,3,0,0,2025-07-03T04:04:48,
202,4,11,150,2,0,0,2025-03-20T12:53:15,
203,3,9,456,6,1,0,2025-08-19T02:28:35,
204,5,13,194,1,0,0,2025-07-20T08:23:36,
205,4,11,29,4,1,0,2025-03-21T03:05:51,
206,5,14,630,2,0,0,2025-07-30T18:04:51,
207,4,11,603,3,1,0,2025-03-04T07:27:22,
208,5,14,202,4,1,0,2025-08-06T03:28:51,
209,7,21,141,1,0,0,2025-11-28T16:08:06,
210,3,9,592,2,0,0,2025-08-22T04:32:59,
211,6,17,531,1,0,0,2025-10-11T07:10:28,
212,6,16,406,1,0,0,2025-10-11T11:59:20,
213,6,17,589,1,0,0,2025-09-26T18:52:59,
214,2,4,390,6,0,0,2025-07-01T20:04:21,
215,3,7,273,6,0,0,2025-08-21T09:50:21,
216,6,17,288,4,1,0,2025-09-26T06:51:26,
217,4,11,99,4,0,0,2025-03-10T04:46:59,
218,2,6,569,6,0,0,2025-06-10T23:40:23,
219,2,4,399,4,0,0,2025-06-30T07:34:09,
220,1,2,478,2,0,0,2025-04-16T01:01:00,
221,6,16,630,1,0,0,2025-09-26T15:05:08,
222,3,7,520,2,0,0,2025-09-05T02:20:41,
223,7,21,318,1,0,0,2025-11-05T17:34:12,
224,3,7,275,2,0,0,2025-08-20T01:09:13,
225,2,5,687,6,0,0,2025-07-03T05:57:41,
226,6,17,615,3,0,0,2025-10-09T18:22:03,
227,3,9,544,1,0,0,2025-08-18T08:28:06,
228,6,18,29,4,0,0,2025-09-27T12:23:40,
229,1,3,452,1,0,0,2025-04-17T15:08:58,
230,3,8,441,3,1,0,2025-08-30T16:46:51,
231,4,10,225,1,1,0,2025-03-05T18:01:07,
232,1,3,89,5,0,0,2025-04-22T10:21:45,
233,6,16,699,4,2,1,2025-10-02T00:45:24,
234,4,11,130,2,1,0,2025-03-07T12:20:27,
235,5,13,687,4,1,0,2025-07-21T10:42:06,
236,3,8,132,8,0,0,2025-08-30T09:40:01,
237,2,4,468,1,0,0,2025-07-01T08:52:19,
238,3,9,351,4,1,0,2025-08-21T22:29:17,
239,5,13,237,1,0,0,2025-07-27T08:21:14,
240,2,4,330,7,0,0,2025-06-26T03:33:36,
241,4,11,198,3,0,0,2025-03-11T17:56:20,
242,6,16,678,4,1,0,2025-10-07T06:10:39,
243,4,11,459,4,1,0,2025-03-16T12:48:22,
244,2,5,189,7,0,0,2025-06-15T09:35:04,
245,1,3,330,7,1,0,2025-04-20T11:16:33,
246,3,8,166,4,0,0,2025-08-15T05:05:29,
247,2,5,283,3,0,0,2025-06-14T09:41:35,
248,3,9,493,4,0,0,2025-08-20T10:05:35,
249,2,4,452,2,0,0,2025-06-25T18:10:09,
250,5,14,337,2,0,0,2025-07-31T00:16:48,
251,4,11,592,4,0,0,2025-03-18T14:14:51,
252,4,11,663,4,1,0,2025-03-14T14:53:23,
253,2,6,413,4,0,0,2025-06-13T20:24:15,
254,5,14,562,3,0,0,2025-07-31T08:54:42,
255,7,21,73,2,0,0,2025-11-03T01:55:13,
256,3,7,604,5,0,0,2025-08-22T05:39:51,
257,5,15,163,2,0,0,2025-07-27T13:57:16,
258,6,18,680,1,0,0,2025-10-01T12:09:46,
259,1,1,464,5,0,0,2025-04-17T21:50:27,
260,5,14,574,1,0,0,2025-07-26T06:06:50,
261,3,7,543,5,0,0,2025-08-17T16:28:14,
262,3,9,641,7,0,0,2025-08-29T22:18:26,
263,1,1,92,4,1,0,2025-04-17T19:53:16,
264,4,10,10,3,0,0,2025-03-08T13:58:12,
265,4,11,21,4,0,0,2025-03-17T20:35:11,
266,6,17,272,1,0,0,2025-10-03T02:13:52,
267,4,11,189,3,0,0,2025-03-12T06:49:53,
268,3,9,52,7,0,0,2025-08-20T08:11:21,
269,6,18,325,4,1,0,2025-10-15T00:00:40,
270,3,8,243,8,0,0,2025-08-16T08:57:11,
271,2,5,619,5,0,0,2025-06-28T23:23:17,
272,6,18,429,4,0,0,2025-10-13T19:28:04,
273,6,16,78,3,0,0,2025-09-26T11:29:54,
274,3,7,512,4,0,0,2025-08-30T02:35:37,
275,6,17,376,2,1,0,2025-09-28T01:18:38,
276,4,11,574,3,0,0,2025-03-09T04:40:19,
277,7,20,7,7,0,0,2025-11-05T15:19:08,
278,1,2,27,5,0,0,2025-04-15T06:57:45,
279,6,18,700,1,0,0,2025-10-08T07:57:44,
280,2,4,218,4,0,0,2025-06-23T03:37:45,
281,5,14,371,2,0,0,2025-07-22T03:40:06,
282,6,17,443,2,0,0,2025-10-15T05:10:49,
283,4,11,444,4,1,0,2025-03-02T20:39:44,
284,6,17,582,2,0,0,2025-10-10T16:22:02,
285,5,14,228,1,0,0,2025-07-27T06:48:23,
286,6,16,170,3,0,0,2025-10-04T12:11:32,
287,4,11,37,4,0,0,2025-03-08T03:11:58,
288,6,16,598,4,0,0,2025-09-30T18:30:03,
289,4,11,196,3,1,0,2025-03-15T10:09:18,
290,4,11,32,4,0,0,2025-03-05T08:22:58,
291,2,4,152,5,0,0,2025-06-21T00:26:05,
292,5,14,654,3,0,0,2025-08-01T13:07:45,
293,6,16,75,4,2,1,2025-09-28T14:04:15,
294,5,13,433,2,0,0,2025-07-21T06:00:44,
295,2,4,68,7,0,0,2025-06-12T16:57:21,
296,4,10,476,3,0,0,2025-03-03T19:16:26,
297,4,11,506,1,0,0,2025-03-08T17:28:03,
298,3,7,431,7,0,0,2025-08-18T00:06:43,
299,7,21,607,8,1,0,2025-11-03T16:54:45,
300,7,21,574,1,0,0,2025-11-03T10:49:59,
301,7,20,310,2,0,0,2025-11-02T19:58:47,
302,4,11,660,3,0,0,2025-03-06T06:09:32,
303,4,10,279,2,0,0,2025-03-09T09:21:25,
304,3,9,486,2,0,0,2025-08-18T09:44:30,
305,3,8,654,4,0,0,2025-08-16T17:31:03,
306,3,7,163,8,0,0,2025-09-02T04:49:31,
307,2,5,351,4,0,0,2025-07-05T10:59:28,
308,4,10,123,4,1,0,2025-03-10T23:16:50,
309,6,16,420,4,0,0,2025-09-28T14:00:34,
310,1,2,289,3,0,0,2025-04-22T16:45:52,
311,3,7,271,5,0,0,2025-08-30T10:26:05,
312,7,19,392,1,0,0,2025-11-09T03:28:51,
313,3,9,586,5,1,0,2025-09-04T05:33:36,
314,4,11,269,3,0,0,2025-03-21T11:28:38,
315,2,6,626,4,0,0,2025-06-26T02:48:27,
316,4,11,10,4,1,0,2025-03-05T04:22:52,
317,3,7,173,3,0,0,2025-08-30T02:27:00,
318,1,3,526,1,1,0,2025-04-08T01:23:33,
319,2,4,612,7,1,0,2025-06-16T04:38:49,
320,5,14,640,4,1,0,2025-08-01T15:22:36,
321,5,13,5,4,1,0,2025-08-10T01:09:45,
322,4,11,270,4,0,0,2025-03-16T10:26:12,
323,7,21,384,4,0,0,2025-11-19T04:45:53,
324,3,7,442,8,0,0,2025-08-21T17:16:44,
325,3,8,232,6,0,0,2025-08-16T02:28:01,
326,2,5,141,8,0,0,2025-06-21T20:19:39,
327,6,16,211,1,0,0,2025-10-09T04:57:14,
328,7,21,11,4,0,0,2025-11-08T21:57:51,
329,3,9,390,2,0,0,2025-08-22T10:42:39,
330,4,11,556,3,1,0,2025-03-10T20:01:01,
331,1,2,278,6,0,0,2025-04-15T18:32:11,
332,2,4,669,2,0,0,2025-07-01T12:34:31,
333,7,21,248,2,1,0,2025-11-08T21:27:17,
334,1,1,453,5,0,0,2025-04-12T07:45:15,
335,6,16,96,4,1,0,2025-10-05T14:04:48,
336,4,11,532,2,0,0,2025-03-04T03:24:30,
337,4,11,81,3,1,0,2025-03-18T06:26:00,
338,3,7,140,3,0,0,2025-08-27T14:02:44,
339,2,6,345,5,1,0,2025-06-20T02:13:45,
340,2,4,106,3,0,0,2025-06-29T09:21:27,
341,4,11,395,4,0,0,2025-03-03T05:07:30,
342,4,11,245,1,0,0,2025-03-03T15:02:14,
343,4,11,205,4,0,0,2025-03-16T02:49:18,
344,6,16,119,4,0,0,2025-10-02T01:01:30,
345,3,9,70,2,0,0,2025-08-27T00:16:24,
346,3,8,364,7,1,0,2025-08-17T16:22:25,
347,4,11,634,4,0,0,2025-03-06T07:38:33,
348,6,16,287,4,1,0,2025-10-05T01:51:44,
349,4,11,441,4,0,0,2025-03-21T01:16:23,
350,2,5,514,3,0,0,2025-06-24T05:38:35,
351,6,17,489,2,0,0,2025-10-09T02:22:39,
352,4,11,411,1,0,0,2025-03-11T06:44:43,
353,6,16,46,1,0,0,2025-10-03T10:42:13,
354,7,20,682,3,0,0,2025-11-27T20:06:32,
355,2,5,221,8,0,0,2025-06-17T03:46:05,
356,6,16,333,4,0,0,2025-10-15T14:48:46,
357,4,11,101,1,0,0,2025-03-08T10:47:36,
358,6,17,276,3,0,0,2025-10-14T06:14:17,
359,4,11,112,3,0,0,2025-03-09T18:40:57,
360,2,4,275,6,0,0,2025-07-05T08:14:55,
361,5,13,436,4,0,0,2025-07-30T15:05:27,
362,4,11,150,4,0,0,2025-03-21T04:49:07,
363,5,13,197,4,0,0,2025-07-26T21:08:32,
364,6,17,303,2,0,0,2025-10-06T22:31:20,
365,3,9,458,8,0,0,2025-08-17T08:19:06,
366,5,14,676,3,0,0,2025-08-05T10:26:31,
367,6,18,239,4,1,0,2025-10-10T08:30:46,
368,7,21,310,2,0,0,2025-11-03T15:50:54,
369,6,17,60,4,0,0,2025-10-13T08:32:10,
370,7,21,622,2,0,0,2025-11-26T02:02:43,
371,2,4,472,8,1,0,2025-06-14T05:45:40,
372,2,4,618,3,0,0,2025-06-19T03:06:09,
373,4,11,262,4,1,0,2025-03-17T02:50:19,
374,1,2,617,4,0,0,2025-04-26T03:28:15,
375,3,7,482,3,0,0,2025-08-17T06:04:01,
376,7,21,187,7,1,0,2025-11-01T16:59:32,
377,5,15,204,3,1,0,2025-07-26T02:25:38,
378,2,4,470,4,0,0,2025-06-11T08:12:38,
379,6,16,281,1,0,0,2025-09-26T22:55:47,
380,5,14,75,2,0,0,2025-07-20T23:40:44,
381,2,4,524,4,0,0,2025-06-13T22:11:43,
382,7,20,545,4,0,0,2025-11-27T03:43:54,
383,2,4,369,7,0,0,2025-07-03T17:24:06,
384,5,13,342,2,0,0,2025-08-04T12:17:31,
385,5,15,493,2,0,0,2025-07-25T17:15:14,
386,3,9,376,2,0,0,2025-08-23T07:08:26,
387,4,11,477,3,0,0,2025-03-15T16:55:16,
388,2,4,95,6,0,0,2025-06-19T16:20:55,
389,7,21,406,4,0,0,2025-11-14T13:41:55,
390,4,11,330,4,0,0,2025-03-14T05:33:30,
391,7,21,576,6,1,0,2025-11-04T00:11:30,
392,2,4,74,7,0,0,2025-06-21T01:53:49,
393,5,13,108,3,0,0,2025-07-22T02:45:01,
394,5,13,490,3,0,0,2025-07-25T23:51:36,
395,2,4,16,7,1,0,2025-06-30T15:22:30,
396,2,4,223,8,1,0,2025-06-26T02:00:53,
397,5,13,167,4,0,0,2025-07-31T05:39:52,
398,5,13,432,2,0,0,2025-07-28T07:22:15,
399,5,15,277,2,0,0,2025-07-24T07:45:39,
400,5,14,641,4,0,0,2025-07-31T12:22:33,
401,2,4,90,1,0,0,2025-07-02T17:44:30,
402,1,3,618,2,0,0,2025-04-21T01:27:39,
403,1,1,347,8,0,0,2025-04-18T08:33:13,
404,4,11,708,2,1,0,2025-03-01T20:02:57,
405,2,6,494,7,0,0,2025-07-03T12:25:24,
406,6,16,28,1,0,0,2025-10-03T22:52:19,
407,7,21,332,1,0,0,2025-11-16T13:16:02,
408,2,6,545,8,0,0,2025-06-19T06:19:24,
409,6,17,561,3,1,0,2025-09-28T13:44:13,
410,5,13,463,2,0,0,2025-07-28T13:21:12,
411,1,3,673,6,0,0,2025-04-13T05:32:19,
412,3,9,189,3,0,0,2025-09-02T11:35:36,
413,2,4,148,5,0,0,2025-06-29T22:17:30,
414,3,8,283,8,1,0,2025-08-18T10:37:07,
415,6,16,78,4,0,0,2025-10-08T17:17:15,
416,3,7,339,2,0,0,2025-09-01T09:25:28,
417,3,7,70,6,0,0,2025-08-29T20:46:46,
418,1,1,408,7,0,0,2025-04-19T13:03:13,
419,3,8,615,3,0,0,2025-09-03T09:48:30,
420,6,18,168,1,0,0,2025-09-29T12:21:14,
421,2,5,479,7,0,0,2025-06-21T11:17:29,
422,7,19,539,7,0,0,2025-11-10T10:23:30,
423,6,17,344,4,0,0,2025-10-08T15:29:04,
424,4,10,503,3,0,0,2025-03-09T05:40:47,
425,4,11,342,3,0,0,2025-03-22T01:09:28,
426,7,20,491,6,2,0,2025-11-02T10:56:03,
427,4,11,583,4,0,0,2025-03-17T17:35:43,
428,6,16,102,4,0,0,2025-10-12T21:18:30,
429,7,19,208,4,0,0,2025-11-03T15:57:08,
430,7,21,185,1,0,0,2025-11-06T11:12:05,
431,4,11,198,3,1,0,2025-03-07T13:12:01,
432,7,21,393,4,0,0,2025-11-14T01:26:59,
433,3,7,483,2,0,0,2025-08-28T00:09:24,
434,6,16,12,3,2,0,2025-10-08T02:50:18,
435,4,11,546,3,0,0,2025-03-08T04:37:22,
436,3,9,90,5,0,0,2025-08-20T11:54:06,
437,5,13,610,1,0,0,2025-07-21T04:11:20,
438,2,4,282,1,0,0,2025-06-11T02:23:32,
439,5,14,77,1,0,0,2025-07-25T20:05:05,
440,3,7,337,3,0,0,2025-08-19T00:51:09,
441,1,3,453,6,1,0,2025-04-20T06:43:02,
442,3,8,47,7,1,0,2025-09-04T04:50:55,
443,6,17,349,1,0,0,2025-10-09T11:17:08,
444,6,16,494,4,1,0,2025-10-08T06:08:56,
445,6,18,640,1,0,0,2025-10-01T13:16:31,
446,1,1,134,7,0,0,2025-04-05T12:18:32,
447,4,10,374,4,0,0,2025-03-04T15:21:23,
448,4,11,351,2,0,0,2025-03-14T06:27:06,
449,5,13,39,2,0,0,2025-08-06T10:52:42,
450,4,10,390,2,0,0,2025-03-05T07:10:02,
451,2,4,401,2,0,0,2025-06-25T05:09:10,
452,3,7,408,4,0,0,2025-08-30T17:16:13,
453,2,5,527,6,1,0,2025-07-04T14:13:59,
454,1,2,50,6,2,0,2025-04-12T23:46:40,
455,4,11,3,1,0,0,2025-03-06T19:09:22,
456,7,21,545,3,0,0,2025-11-06T10:03:25,
457,4,11,549,1,0,0,2025-03-11T02:09:15,
458,2,4,590,6,0,0,2025-06-12T00:31:58,
459,5,14,226,4,0,0,2025-08-02T09:34:10,
460,3,7,82,6,0,0,2025-08-31T23:23:41,
461,4,11,533,2,0,0,2025-03-20T04:33:35,
462,7,21,224,1,0,0,2025-11-15T03:58:58,
463,4,11,386,3,1,0,2025-03-05T15:41:49,
464,2,4,329,3,0,0,2025-06-11T01:29:18,
465,2,4,396,2,0,0,2025-06-26T19:32:05,
466,5,15,679,4,2,1,2025-08-03T08:28:16,
467,4,11,544,3,0,0,2025-03-09T02:48:40,
468,4,11,562,4,1,0,2025-03-18T03:37:51,
469,3,7,239,7,0,0,2025-09-01T08:47:08,
470,1,2,464,4,1,0,2025-04-06T14:14:45,
471,3,9,631,7,0,0,2025-08-31T13:42:22,
472,5,15,108,4,0,0,2025-07-23T03:58:43,
473,2,4,678,1,0,0,2025-06-15T04:08:18,
474,4,11,507,3,0,0,2025-03-10T10:12:13,
475,4,11,103,3,0,0,2025-03-02T03:47:49,
476,4,11,27,1,0,0,2025-03-16T23:42:54,
477,6,17,452,4,0,0,2025-10-02T01:30:49,
478,6,17,567,1,0,0,2025-10-16T15:48:41,
479,3,7,226,5,0,0,2025-09-01T21:02:46,
480,3,7,698,2,0,0,2025-09-01T10:06:03,
481,2,4,493,8,1,0,2025-06-15T15:28:13,
482,2,5,18,4,0,0,2025-06-26T01:49:15,
483,5,15,645,4,1,0,2025-07-24T19:20:15,
484,3,8,207,3,0,0,2025-08-18T02:12:51,
485,2,4,688,4,0,0,2025-06-26T07:07:57,
486,3,7,322,3,0,0,2025-08-21T14:03:37,
487,5,15,74,1,0,0,2025-07-24T10:42:05,
488,6,16,150,2,0,0,2025-10-16T11:08:06,
489,3,8,593,3,1,0,2025-08-29T15:20:37,
490,4,10,52,2,0,0,2025-03-08T06:02:53,
491,5,15,561,2,0,0,2025-08-05T00:49:07,
492,2,5,460,2,0,0,2025-06-17T10:01:23,
493,4,11,30,4,0,0,2025-03-19T00:09:23,
494,4,11,57,2,0,0,2025-03-10T02:53:15,
495,6,18,174,1,0,0,2025-10-14T05:41:39,
496,5,15,124,1,0,0,2025-07-20T09:45:38,
497,6,17,573,3,0,0,2025-10-02T18:19:02,
498,4,11,188,1,0,0,2025-03-07T05:47:22,
499,7,21,25,3,1,0,2025-11-19T06:16:51,
500,3,7,265,3,0,0,2025-08-29T06:07:32,
501,3,8,308,4,1,0,2025-08-15T22:34:59,
502,6,18,556,3,0,0,2025-10-10T09:21:06,
503,5,15,429,4,0,0,2025-07-23T03:27:35,
504,6,17,426,3,0,0,2025-10-11T06:36:09,
505,4,12,661,4,1,0,2025-03-11T21:22:30,
506,5,14,407,3,0,0,2025-07-23T10:41:10,
507,4,11,501,2,0,0,2025-03-08T16:47:21,
508,4,11,506,4,0,0,2025-03-08T20:28:45,
509,2,4,451,7,0,0,2025-07-02T20:33:52,
510,1,1,246,4,1,0,2025-04-26T03:28:57,
511,6,16,640,1,0,0,2025-10-06T06:07:48,
512,3,7,183,4,0,0,2025-08-19T10:12:52,
513,5,14,565,2,1,0,2025-07-30T13:13:13,
514,3,9,648,5,1,0,2025-08-21T19:13:11,
515,2,4,691,7,0,0,2025-06-28T19:58:34,
516,6,18,52,1,0,0,2025-10-09T02:21:47,
517,3,7,494,1,0,0,2025-08-29T10:49:20,
518,3,7,170,3,0,0,2025-08-18T00:26:23,
519,4,11,584,4,0,0,2025-03-13T03:14:46,
520,1,2,371,4,0,0,2025-04-22T17:06:05,
521,5,14,165,3,0,0,2025-07-22T18:26:03,
522,4,11,266,4,0,0,2025-03-02T09:07:02,
523,6,18,27,1,0,0,2025-10-05T04:20:59,
524,2,5,387,4,0,0,2025-06-26T10:58:00,
525,3,8,651,7,1,0,2025-08-30T20:05:53,
526,4,11,657,3,0,0,2025-03-21T03:59:00,
527,4,11,435,2,0,0,2025-03-10T08:46:24,
528,6,16,670,1,0,0,2025-09-28T21:33:17,
529,1,1,122,8,0,0,2025-04-17T02:55:25,
530,4,10,272,4,0,0,2025-03-03T18:57:47,
531,6,16,337,3,2,0,2025-10-10T07:44:01,
532,5,14,445,1,0,0,2025-08-01T01:31:22,
533,7,20,664,4,0,0,2025-11-15T13:32:35,
534,4,11,205,1,0,0,2025-03-11T08:19:18,
535,6,16,528,4,0,0,2025-10-11T04:19:34,
536,4,11,543,1,0,0,2025-03-09T05:05:24,
537,3,8,392,7,0,0,2025-08-24T05:00:24,
538,1,1,363,4,1,0,2025-04-15T11:05:25,
539,6,17,482,1,1,0,2025-09-30T02:06:34,
540,4,11,470,3,0,0,2025-03-17T01:35:42,
541,3,8,547,8,0,0,2025-09-01T13:19:24,
542,4,11,355,3,0,0,2025-03-11T03:01:13,
543,4,11,692,1,0,0,2025-03-22T08:17:54,
544,4,10,23,4,0,0,2025-03-05T18:13:53,
545,6,18,355,1,0,0,2025-09-25T06:19:35,
546,3,7,447,2,0,0,2025-08-17T23:01:12,
547,4,11,262,4,0,0,2025-03-10T06:54:32,
548,2,4,347,7,0,0,2025-07-01T12:23:34,
549,7,21,410,1,0,0,2025-11-05T13:26:24,
550,1,2,446,3,0,0,2025-04-18T13:51:43,
551,3,9,544,3,0,0,2025-08-26T16:49:51,
552,4,11,428,3,0,0,2025-03-06T09:23:04,
553,3,7,367,4,0,0,2025-08-24T08:48:39,
554,5,13,220,2,0,0,2025-07-20T12:29:44,
555,4,11,302,1,0,0,2025-03-02T01:31:20,
556,3,8,46,4,0,0,2025-08-17T23:21:57,
557,3,9,246,6,0,0,2025-08-23T18:47:54,
558,4,11,272,3,1,0,2025-03-09T06:32:18,
559,3,8,352,7,1,0,2025-09-01T02:49:21,
560,5,14,478,3,0,0,2025-07-24T12:45:31,
561,4,10,88,4,0,0,2025-03-14T12:32:16,
562,6,16,504,3,0,0,2025-10-06T08:44:19,
563,2,6,349,5,0,0,2025-06-22T01:30:39,
564,6,16,361,1,0,0,2025-09-26T03:04:02,
565,2,4,465,7,0,0,2025-06-17T01:35:09,
566,6,18,337,1,0,0,2025-10-07T16:49:16,
567,2,4,59,7,0,0,2025-06-14T23:31:30,
568,7,20,624,2,1,0,2025-11-26T11:30:13,
569,6,16,275,3,0,0,2025-10-07T11:03:25,
570,6,17,621,2,0,0,2025-10-02T22:56:31,
571,4,11,209,3,0,0,2025-03-06T06:45:13,
572,3,7,365,5,0,0,2025-08-20T17:33:32,
573,4,11,147,4,0,0,2025-03-04T07:39:58,
574,3,9,489,4,1,0,2025-08-25T06:30:38,
575,6,16,551,3,1,0,2025-10-10T09:07:06,
576,2,4,459,8,1,0,2025-06-12T11:13:02,
577,3,9,335,4,0,0,2025-08-18T00:22:26,
578,4,11,180,4,0,0,2025-03-05T20:08:53,
579,2,4,539,6,0,0,2025-07-02T14:40:16,
580,3,7,372,8,0,0,2025-08-21T05:14:28,
581,2,5,36,7,0,0,2025-06-26T06:22:58,
582,3,8,685,8,0,0,2025-08-31T20:18:29,
583,4,11,85,1,0,0,2025-03-08T14:44:34,
584,4,12,360,2,0,0,2025-03-16T13:40:15,
585,6,17,78,2,0,0,2025-10-03T04:59:52,
586,3,9,471,4,0,0,2025-08-28T02:27:54,
587,4,11,657,1,0,0,2025-03-11T07:32:50,
588,4,11,205,4,0,0,2025-03-16T06:18:54,
589,1,2,625,4,0,0,2025-04-25T08:51:36,
590,3,9,403,7,0,0,2025-08-21T04:01:16,
591,3,8,395,1,0,0,2025-09-04T05:45:46,
592,4,11,353,4,0,0,2025-03-19T18:30:39,
593,6,17,501,4,1,0,2025-10-13T20:04:31,
594,2,4,622,1,0,0,2025-06-14T06:45:58,
595,5,13,524,4,0,0,2025-07-22T20:05:29,
596,7,21,395,5,0,0,2025-11-04T07:08:26,
597,5,14,104,1,0,0,2025-07-24T12:06:49,
598,5,14,14,2,0,0,2025-08-06T10:53:03,
599,5,13,461,1,0,0,2025-07-27T23:51:54,
600,4,11,542,4,1,0,2025-03-03T09:30:29,
601,2,4,250,7,0,0,2025-06-14T22:05:36,
602,5,14,247,1,0,0,2025-08-05T09:08:40,
603,7,21,362,3,1,0,2025-11-10T04:38:02,
604,1,2,434,4,0,0,2025-04-09T21:01:32,
605,2,4,342,3,0,0,2025-06-20T12:26:45,
606,4,11,576,4,0,0,2025-03-12T22:27:20,
607,6,17,657,2,0,0,2025-10-02T11:05:23,
608,6,17,687,4,0,0,2025-10-12T18:05:03,
609,4,12,205,3,1,0,2025-03-08T16:17:01,
610,5,14,269,1,0,0,2025-07-29T22:12:08,
611,7,21,620,5,0,0,2025-11-19T16:32:57,
612,4,11,348,1,0,0,2025-03-17T14:39:25,
613,2,5,473,6,1,0,2025-06-11T12:18:46,
614,4,11,383,1,0,0,2025-03-09T10:53:12,
615,6,18,628,3,0,0,2025-09-26T18:23:07,
616,4,11,350,3,0,0,2025-03-09T18:09:30,
617,4,11,669,4,1,0,2025-03-19T11:48:03,
618,6,17,603,2,0,0,2025-09-26T22:18:47,
619,3,9,47,5,1,0,2025-08-21T19:47:21,
620,2,4,506,3,0,0,2025-07-05T04:35:13,
621,2,4,154,6,0,0,2025-07-02T03:08:59,
622,2,4,177,2,0,0,2025-06-15T01:57:17,
623,7,20,598,2,0,0,2025-11-23T21:49:31,
624,6,16,417,4,1,0,2025-10-06T23:12:56,
625,6,16,185,3,0,0,2025-10-08T20:48:33,
626,6,18,84,1,0,0,2025-10-13T16:56:43,
627,2,4,667,8,0,0,2025-07-04T08:39:00,
628,2,5,30,6,0,0,2025-06-23T02:19:00,
629,6,16,593,4,1,0,2025-10-02T04:50:22,
630,4,11,665,3,0,0,2025-03-22T00:26:10,
631,5,14,29,4,0,0,2025-08-02T21:44:55,
632,5,14,194,2,0,0,2025-07-22T22:38:41,
633,4,11,683,3,1,0,2025-03-08T14:23:28,
634,5,13,95,2,0,0,2025-07-22T15:47:09,
635,5,13,436,2,0,0,2025-07-29T11:30:45,
636,4,11,44,1,0,0,2025-03-09T20:12:43,
637,4,11,36,4,0,0,2025-03-17T09:01:32,
638,5,13,668,1,0,0,2025-07-26T21:04:16,
639,4,12,595,1,1,0,2025-03-08T02:31:17,
640,4,10,264,2,0,0,2025-03-12T14:29:01,
641,4,11,125,3,0,0,2025-03-13T10:36:11,
642,2,4,70,2,0,0,2025-06-21T12:20:19,
643,4,10,347,3,0,0,2025-03-10T16:03:17,
644,4,10,224,1,0,0,2025-03-09T04:00:01,
645,2,6,329,3,0,0,2025-06-16T17:15:34,
646,6,17,55,3,0,0,2025-09-28T21:14:34,
647,6,18,178,1,0,0,2025-09-27T17:54:39,
648,4,11,165,4,1,0,2025-03-11T22:55:22,
649,5,14,128,4,0,0,2025-07-26T18:45:49,
650,5,14,655,1,0,0,2025-07-31T19:20:21,
651,4,11,565,2,0,0,2025-03-22T02:15:28,
652,3,7,377,1,0,0,2025-08-18T05:38:35,
653,5,13,363,4,0,0,2025-08-04T20:10:40,
654,2,4,550,3,0,0,2025-06-20T22:54:23,
655,3,7,641,5,0,0,2025-08-20T21:35:00,
656,4,11,686,3,0,0,2025-03-16T13:11:26,
657,5,13,101,4,0,0,2025-08-06T11:24:27,
658,7,21,639,7,1,0,2025-11-19T13:46:39,
659,4,11,69,3,0,0,2025-03-13T10:33:56,
660,3,9,536,3,0,0,2025-08-25T20:37:15,
661,4,11,32,3,0,0,2025-03-06T14:24:24,
662,7,21,97,2,1,0,2025-11-23T18:46:04,
663,6,17,32,3,1,0,2025-10-08T20:08:54,
664,7,21,542,3,0,0,2025-11-16T03:22:59,
665,7,21,305,7,0,0,2025-11-16T14:25:16,
666,7,20,457,5,0,0,2025-11-04T09:07:22,
667,2,4,44,5,2,1,2025-06-19T18:27:38,
668,4,10,318,3,0,0,2025-03-12T13:35:33,
669,4,11,364,4,0,0,2025-03-03T05:03:41,
670,5,13,416,3,0,0,2025-07-26T13:14:12,
671,6,16,283,4,0,0,2025-10-11T06:01:30,
672,5,14,220,1,0,0,2025-08-03T01:05:38,
673,7,19,635,1,0,0,2025-11-04T20:55:46,
674,5,13,304,4,0,0,2025-07-23T01:29:17,
675,2,5,177,8,0,0,2025-07-01T14:54:48,
676,6,17,554,4,0,0,2025-10-10T08:06:10,
677,4,11,552,3,0,0,2025-03-11T20:45:57,
678,3,7,363,2,0,0,2025-08-28T06:29:26,
679,5,15,313,1,0,0,2025-07-22T07:33:45,
680,4,10,552,3,1,0,2025-03-17T18:34:31,
681,2,4,244,5,0,0,2025-06-16T04:28:03,
682,5,14,550,3,0,0,2025-08-04T23:52:21,
683,3,8,554,7,1,0,2025-08-21T02:48:47,
684,3,9,494,7,0,0,2025-09-03T03:34:20,
685,7,21,266,1,0,0,2025-11-05T19:42:51,
686,4,11,244,4,0,0,2025-03-18T07:30:23,
687,2,4,562,2,0,0,2025-07-03T18:10:14,
688,5,13,364,3,0,0,2025-07-31T09:22:45,
689,3,8,678,4,0,0,2025-08-24T20:34:52,
690,5,13,141,2,1,0,2025-07-22T22:01:45,
691,3,8,577,7,0,0,2025-08-24T19:24:16,
692,6,16,558,4,0,0,2025-10-05T13:02:42,
693,3,9,504,4,1,0,2025-08-19T07:00:22,
694,2,4,32,1,0,0,2025-07-05T07:02:29,
695,4,11,696,4,0,0,2025-03-16T07:23:37,
696,6,18,180,3,0,0,2025-09-28T08:09:46,
697,4,11,622,4,0,0,2025-03-07T05:07:20,
698,2,4,137,7,0,0,2025-06-16T11:22:37,
699,6,16,235,4,0,0,2025-10-09T15:08:52,
700,4,11,487,2,0,0,2025-03-21T07:40:04,
701,5,13,31,1,0,0,2025-08-10T00:38:05,
702,4,11,699,4,0,0,2025-03-13T00:29:53,
703,4,11,577,4,0,0,2025-03-06T18:32:13,
704,2,4,55,2,0,0,2025-06-23T17:36:21,
705,5,14,517,3,0,0,2025-08-09T07:58:11,
706,2,4,66,6,1,0,2025-06-20T06:39:52,
707,6,18,397,1,0,0,2025-09-25T13:08:50,
708,5,15,329,4,0,0,2025-07-31T23:25:55,
709,6,18,28,1,0,0,2025-10-11T07:11:12,
710,2,5,480,5,0,0,2025-07-03T08:44:15,
711,2,4,214,6,0,0,2025-07-05T04:40:41,
712,4,11,324,4,1,0,2025-03-04T13:22:06,
713,5,15,514,2,0,0,2025-07-27T17:46:08,
714,3,8,569,6,0,0,2025-08-22T06:31:45,
715,6,18,95,2,0,0,2025-10-07T10:56:11,
716,4,12,166,1,1,0,2025-03-16T15:07:12,
717,4,10,526,3,0,0,2025-03-08T20:01:45,
718,6,18,317,3,0,0,2025-09-27T20:41:55,
719,4,11,345,3,0,0,2025-03-06T15:35:57,
720,6,17,574,1,0,0,2025-09-26T03:37:23,
721,7,21,641,4,0,0,2025-11-20T01:53:16,
722,2,4,487,5,0,0,2025-06-27T04:21:18,
723,4,11,519,2,0,0,2025-03-11T09:35:58,
724,2,4,50,3,0,0,2025-06-11T08:54:39,
725,2,4,8,2,0,0,2025-06-18T01:42:14,
726,2,4,149,8,0,0,2025-07-03T09:48:32,
727,5,13,37,4,1,0,2025-07-28T20:51:14,
728,4,11,85,1,0,0,2025-03-18T10:34:16,
729,6,16,392,1,0,0,2025-09-26T02:03:00,
730,2,4,581,7,0,0,2025-06-21T13:39:36,
731,7,21,479,6,1,0,2025-11-14T21:01:51,
732,4,12,469,4,1,0,2025-03-20T05:34:34,
733,6,18,234,3,0,0,2025-10-15T20:35:47,
734,3,8,41,4,0,0,2025-08-21T17:11:12,
735,7,20,700,1,0,0,2025-11-09T00:28:24,
736,4,10,659,1,0,0,2025-03-16T23:09:26,
737,2,4,665,1,0,0,2025-06-26T18:45:14,
738,7,21,688,1,0,0,2025-11-01T03:33:18,
739,3,7,263,7,0,0,2025-09-04T05:01:05,
740,4,11,396,2,0,0,2025-03-06T17:42:17,
741,4,11,350,3,0,0,2025-03-04T03:05:20,
742,6,18,37,4,0,0,2025-10-10T05:07:54,
743,4,11,686,3,0,0,2025-03-07T00:42:06,
744,3,9,577,3,0,0,2025-08-24T17:53:05,
745,6,17,22,2,1,0,2025-10-09T01:30:14,
746,3,9,562,2,0,0,2025-09-01T00:53:58,
747,4,11,639,3,0,0,2025-03-06T18:53:38,
748,7,21,591,4,1,0,2025-11-11T17:01:45,
749,2,4,605,8,0,0,2025-06-24T11:14:13,
750,1,1,282,4,0,0,2025-04-26T04:12:08,
751,3,7,525,3,0,0,2025-08-31T18:09:47,
752,7,20,476,5,2,0,2025-11-24T00:46:46,
753,6,16,507,3,1,0,2025-09-26T03:54:30,
754,4,11,9,3,0,0,2025-03-03T07:55:13,
755,4,11,428,3,0,0,2025-03-09T01:38:55,
756,6,18,661,3,0,0,2025-10-11T09:42:42,
757,5,13,291,4,1,0,2025-08-10T08:49:25,
758,2,4,368,3,0,0,2025-07-04T13:39:49,
759,4,11,98,1,0,0,2025-03-09T12:50:28,
760,3,7,208,6,0,0,2025-09-05T05:23:42,
761,7,21,98,1,0,0,2025-11-19T02:36:57,
762,3,7,242,5,1,0,2025-08-16T13:44:11,
763,2,4,311,7,0,0,2025-06-27T06:35:54,
764,4,11,421,4,0,0,2025-03-16T04:11:23,
765,3,9,95,8,1,0,2025-09-04T03:47:40,
766,5,13,640,4,0,0,2025-07-30T02:43:21,
767,5,15,120,2,0,0,2025-07-22T07:48:27,
768,4,11,533,1,0,0,2025-03-18T15:42:09,
769,3,9,226,4,0,0,2025-09-04T02:22:56,
770,6,16,492,1,0,0,2025-09-28T01:18:49,
771,2,4,45,5,0,0,2025-06-27T16:31:36,
772,4,11,514,3,0,0,2025-03-11T02:43:06,
773,5,13,351,2,0,0,2025-08-02T19:35:39,
774,6,17,13,2,0,0,2025-10-09T12:11:27,
775,5,13,374,1,0,0,2025-07-23T16:24:05,
776,4,11,229,3,1,0,2025-03-19T01:59:18,
777,2,4,443,2,0,0,2025-06-16T21:47:31,
778,4,11,157,3,0,0,2025-03-10T09:53:43,
779,2,4,156,6,0,0,2025-07-01T02:54:07,
780,3,8,552,4,0,0,2025-08-20T08:35:21,
781,7,21,195,7,1,0,2025-11-11T15:53:10,
782,6,18,360,4,1,0,2025-10-14T10:20:41,
783,6,17,14,2,0,0,2025-09-28T01:18:05,
784,4,11,139,1,0,0,2025-03-15T04:04:04,
785,5,14,694,4,0,0,2025-07-31T04:35:08,
786,4,11,286,4,0,0,2025-03-12T15:17:40,
787,6,18,474,2,0,0,2025-10-09T14:32:47,
788,4,11,38,2,0,0,2025-03-12T03:15:37,
789,7,20,460,4,0,0,2025-11-03T13:57:22,
790,4,11,14,4,0,0,2025-03-11T04:12:08,
791,2,4,196,4,0,0,2025-06-23T00:37:25,
792,5,13,632,1,0,0,2025-07-30T13:31:21,
793,2,4,506,5,1,0,2025-06-24T17:52:18,
794,4,11,394,3,1,0,2025-03-01T15:14:01,
795,3,9,334,3,0,0,2025-08-29T10:40:36,
796,5,15,455,4,0,0,2025-08-03T01:28:46,
797,3,7,10,1,0,0,2025-08-30T18:43:40,
798,2,4,366,6,0,0,2025-06-21T01:31:06,
799,4,11,5,4,1,0,2025-03-15T01:27:08,
800,5,13,206,3,0,0,2025-07-26T16:06:26,
801,5,13,562,4,0,0,2025-08-02T12:53:17,
802,7,20,395,8,2,0,2025-11-24T16:45:34,
803,2,4,515,6,0,0,2025-06-10T21:08:23,
804,2,4,688,6,0,0,2025-07-01T10:04:45,
805,5,13,159,2,1,0,2025-08-05T00:21:50,
806,4,11,215,3,0,0,2025-03-11T15:35:40,
807,7,21,422,1,0,0,2025-11-07T21:49:26,
808,5,13,609,4,0,0,2025-08-05T07:14:43,
809,2,4,46,2,0,0,2025-06-13T11:24:11,
810,4,10,255,2,0,0,2025-03-09T23:55:31,
811,1,1,671,8,0,0,2025-04-17T21:33:52,
812,7,21,450,3,1,0,2025-11-25T00:26:41,
813,6,16,432,4,2,1,2025-10-07T23:46:29,
814,2,4,96,2,0,0,2025-07-05T06:40:39,
815,2,4,608,8,0,0,2025-06-17T23:37:09,
816,3,7,531,3,0,0,2025-08-24T17:34:00,
817,6,17,46,4,0,0,2025-10-14T08:54:54,
818,3,8,301,7,0,0,2025-09-03T15:30:34,
819,3,7,19,2,0,0,2025-08-31T08:19:48,
820,2,4,431,7,0,0,2025-06-20T10:16:32,
821,6,16,186,1,0,0,2025-10-11T06:46:05,
822,2,4,279,2,0,0,2025-06-10T22:27:31,
823,7,19,493,1,0,0,2025-11-11T20:49:39,
824,2,4,437,5,0,0,2025-06-24T03:57:55,
825,4,11,601,3,0,0,2025-03-14T13:58:19,
826,2,4,382,7,0,0,2025-06-15T09:57:33,
827,4,11,435,1,0,0,2025-03-13T17:49:55,
828,3,7,78,2,0,0,2025-09-01T22:29:38,
829,3,9,331,2,0,0,2025-08-20T13:23:27,
830,6,18,212,1,0,0,2025-10-03T11:59:52,
831,1,2,301,1,0,0,2025-04-20T01:09:43,
832,4,11,115,1,0,0,2025-03-08T13:53:39,
833,4,11,308,3,0,0,2025-03-15T21:52:51,
834,4,11,139,1,0,0,2025-03-21T08:06:13,
835,7,20,68,3,1,0,2025-11-14T18:59:53,
836,2,5,117,8,1,0,2025-06-27T04:07:54,
837,4,10,372,1,0,0,2025-03-22T04:02:07,
838,6,16,394,4,0,0,2025-10-07T03:45:44,
839,4,11,588,3,0,0,2025-03-14T02:26:21,
840,2,4,646,6,0,0,2025-07-04T05:33:46,
841,2,4,558,4,0,0,2025-07-05T01:43:19,
842,6,17,605,3,0,0,2025-10-11T05:37:07,
843,6,18,21,4,1,0,2025-10-12T01:28:30,
844,3,7,441,5,0,0,2025-08-20T06:46:26,
845,2,4,173,7,0,0,2025-06-21T23:28:35,
846,4,10,356,3,0,0,2025-03-19T12:04:16,
847,3,7,592,3,0,0,2025-08-29T03:32:32,
848,2,4,522,5,0,0,2025-06-24T19:13:24,
849,3,8,558,8,1,0,2025-08-29T18:25:47,
850,5,13,149,4,0,0,2025-07-31T02:33:41,
851,2,5,170,8,0,0,2025-06-27T06:19:12,
852,4,11,272,4,0,0,2025-03-19T10:59:36,
853,6,18,350,4,0,0,2025-10-08T18:10:03,
854,4,11,6,3,1,0,2025-03-05T12:51:57,
855,4,11,106,3,1,0,2025-03-07T10:39:13,
856,6,17,442,1,0,0,2025-10-12T21:15:01,
857,4,11,298,1,0,0,2025-03-06T04:38:09,
858,4,11,557,4,0,0,2025-03-20T04:30:27,
859,4,11,676,3,1,0,2025-03-05T20:20:34,
860,2,4,39,5,0,0,2025-06-14T01:40:43,
861,2,5,200,7,0,0,2025-06-16T18:03:12,
862,4,11,366,3,0,0,2025-03-08T21:55:06,
863,6,18,13,1,0,0,2025-10-04T13:16:48,
864,2,5,101,5,0,0,2025-06-23T11:00:44,
865,3,8,327,8,0,0,2025-08-27T16:23:55,
866,4,10,213,4,0,0,2025-03-13T01:04:18,
867,2,4,510,2,0,0,2025-06-24T16:45:41,
868,6,17,203,4,0,0,2025-10-09T04:33:17,
869,3,7,540,3,0,0,2025-08-27T12:43:51,
870,3,8,374,3,0,0,2025-08-24T08:11:44,
871,6,16,485,3,0,0,2025-09-29T21:39:17,
872,3,7,318,1,0,0,2025-09-01T03:43:32,
873,4,11,378,3,0,0,2025-03-01T08:19:11,
874,4,11,99,4,0,0,2025-03-22T11:00:44,
875,4,12,245,4,0,0,2025-03-14T03:52:42,
876,4,11,170,4,0,0,2025-03-07T10:00:36,
877,4,11,586,2,0,0,2025-03-03T14:58:22,
878,2,4,449,2,0,0,2025-06-28T06:08:25,
879,5,13,249,3,0,0,2025-07-29T05:18:41,
880,4,12,414,4,0,0,2025-03-16T11:45:34,
881,6,17,358,3,0,0,2025-10-14T18:15:26,
882,6,17,696,2,1,0,2025-10-16T06:12:29,
883,4,11,94,3,0,0,2025-03-18T22:24:20,
884,4,11,309,3,0,0,2025-03-14T22:40:11,
885,6,17,563,1,1,0,2025-10-10T04:45:57,
886,6,18,188,4,0,0,2025-10-06T06:27:49,
887,4,11,190,1,0,0,2025-03-10T02:24:54,
888,5,13,411,3,0,0,2025-07-21T07:26:15,
889,2,4,484,4,0,0,2025-06-16T19:07:30,
890,3,9,436,6,0,0,2025-08-24T01:35:45,
891,5,14,443,1,0,0,2025-08-09T00:16:16,
892,4,11,429,3,0,0,2025-03-12T22:42:49,
893,4,11,256,4,0,0,2025-03-09T23:00:40,
894,4,11,435,3,1,0,2025-03-20T07:45:36,
895,4,11,567,4,0,0,2025-03-09T07:50:26,
896,7,21,518,2,0,0,2025-11-01T09:15:01,
897,5,14,383,3,0,0,2025-07-24T02:49:45,
898,5,14,400,4,0,0,2025-07-25T06:42:47,
899,3,9,384,7,0,0,2025-08-26T12:21:54,
900,2,4,624,5,0,0,2025-07-02T00:53:34,
901,4,10,308,1,0,0,2025-03-15T16:44:51,
902,4,11,616,1,1,0,2025-03-21T21:05:27,
903,6,16,289,4,0,0,2025-10-02T16:50:00,
904,2,5,176,2,0,0,2025-07-01T15:00:45,
905,6,16,359,2,1,0,2025-10-15T15:50:45,
906,4,11,498,2,0,0,2025-03-17T22:01:09,
907,2,4,568,8,0,0,2025-06-18T00:56:43,
908,2,4,168,4,0,0,2025-06-21T14:16:33,
909,6,16,210,3,1,0,2025-10-09T12:33:59,
910,5,15,493,3,0,0,2025-07-21T12:34:56,
911,6,18,672,1,0,0,2025-10-12T22:24:49,
912,4,11,343,3,0,0,2025-03-16T08:53:07,
913,4,11,566,4,0,0,2025-03-05T13:10:53,
914,6,16,116,2,0,0,2025-09-26T01:23:23,
915,4,12,492,1,0,0,2025-03-11T23:31:39,
916,4,11,655,4,0,0,2025-03-07T11:42:41,
917,2,4,303,2,0,0,2025-06-20T16:13:54,
918,5,14,350,4,0,0,2025-07-29T20:12:36,
919,7,19,582,4,0,0,2025-11-13T20:35:43,
920,6,17,674,3,0,0,2025-10-04T19:08:31,
921,7,21,571,4,1,0,2025-11-21T12:34:12,
922,1,2,603,4,0,0,2025-04-17T21:40:16,
923,4,11,404,2,1,0,2025-03-09T00:15:35,
924,6,18,288,3,0,0,2025-09-29T12:36:18,
925,4,11,4,3,0,0,2025-03-18T04:33:38,
926,5,13,308,3,0,0,2025-07-27T07:41:09,
927,2,4,135,4,0,0,2025-06-23T14:19:31,
928,3,8,196,7,1,0,2025-09-04T07:52:01,
929,4,11,80,3,1,0,2025-03-02T20:21:35,
930,7,21,332,2,0,0,2025-11-19T10:25:17,
931,2,4,698,1,0,0,2025-06-20T22:44:06,
932,4,11,292,4,0,0,2025-03-06T12:41:42,
933,2,4,240,8,0,0,2025-06-13T01:21:53,
934,3,7,519,3,0,0,2025-08-17T21:24:30,
935,3,9,190,2,0,0,2025-08-25T10:17:31,
936,4,11,417,1,0,0,2025-03-05T13:52:41,
937,4,11,530,4,0,0,2025-03-14T22:22:49,
938,3,9,530,2,0,0,2025-08-22T08:29:39,
939,5,13,354,4,0,0,2025-07-21T18:27:38,
940,6,16,676,2,0,0,2025-10-10T23:57:54,
941,3,9,509,6,0,0,2025-08-27T13:24:52,
942,4,11,558,1,0,0,2025-03-21T03:46:47,
943,5,14,198,3,1,0,2025-08-01T10:52:14,
944,5,14,326,3,0,0,2025-07-22T19:09:48,
945,2,4,245,3,0,0,2025-06-18T04:55:38,
946,7,21,594,7,1,0,2025-11-18T06:23:09,
947,4,12,411,3,0,0,2025-03-21T12:27:32,
948,5,13,664,3,0,0,2025-07-22T10:34:10,
949,4,11,32,4,0,0,2025-03-21T14:19:07,
950,4,11,297,4,0,0,2025-03-06T15:28:27,
951,5,14,428,2,0,0,2025-07-26T03:31:34,
952,3,7,92,6,0,0,2025-08-26T18:30:51,
953,4,11,480,3,0,0,2025-03-02T22:15:16,
954,6,18,218,1,0,0,2025-10-11T23:48:45,
955,2,4,276,4,0,0,2025-07-03T05:40:25,
956,2,4,550,8,0,0,2025-07-03T04:32:06,
957,7,21,68,4,0,0,2025-11-12T07:39:45,
958,5,14,184,3,0,0,2025-07-22T22:28:40,
959,6,18,459,1,0,0,2025-09-28T00:17:26,
960,4,11,36,4,1,0,2025-03-17T19:37:55,
961,1,3,628,8,1,0,2025-04-22T17:30:13,
962,6,17,326,3,0,0,2025-09-30T16:10:15,
963,2,4,451,4,0,0,2025-06-25T10:17:44,
964,3,7,66,3,0,0,2025-08-21T09:06:41,
965,4,11,428,4,0,0,2025-03-06T03:46:27,
966,2,4,106,6,0,0,2025-06-24T02:55:07,
967,3,7,436,7,0,0,2025-08-29T05:46:03,
968,4,11,607,4,0,0,2025-03-07T01:04:42,
969,2,4,168,6,0,0,2025-06-22T10:15:06,
970,3,7,540,3,0,0,2025-08-22T01:43:02,
971,4,11,461,2,0,0,2025-03-06T03:48:21,
972,6,18,290,3,0,0,2025-10-10T21:44:06,
973,6,18,80,1,0,0,2025-10-01T18:09:51,
974,3,9,609,2,0,0,2025-08-21T07:12:59,
975,2,4,470,3,0,0,2025-06-21T01:27:58,
976,6,17,72,3,0,0,2025-10-01T06:06:38,
977,3,7,228,6,0,0,2025-09-02T14:33:44,
978,5,13,470,3,0,0,2025-07-25T08:45:43,
979,3,9,528,2,0,0,2025-08-31T15:21:13,
980,7,21,173,3,1,0,2025-11-09T10:01:02,
981,2,4,25,2,0,0,2025-06-25T21:18:44,
982,3,8,214,8,0,0,2025-08-16T21:58:28,
983,6,16,473,4,0,0,2025-10-10T11:17:06,
984,5,13,590,4,0,0,2025-07-30T14:52:08,
985,4,11,26,4,0,0,2025-03-13T23:39:15,
986,4,11,22,4,0,0,2025-03-10T03:31:55,
987,2,4,533,4,0,0,2025-06-25T16:52:41,
988,6,18,62,1,0,0,2025-10-08T13:10:40,
989,2,4,211,4,0,0,2025-06-17T01:54:26,
990,6,17,239,2,0,0,2025-10-04T23:40:27,
991,2,4,588,4,0,0,2025-06-26T00:28:26,
992,6,16,163,2,0,0,2025-10-16T19:23:33,
993,3,7,16,4,0,0,2025-08-18T10:46:19,
994,4,11,422,3,0,0,2025-03-07T02:32:25,
995,6,16,383,4,1,0,2025-09-28T19:22:36,
996,2,4,651,7,0,0,2025-06-30T15:54:58,
997,7,21,578,2,0,0,2025-11-04T17:41:54,
998,7,21,534,4,0,0,2025-11-05T02:09:45,
999,6,17,258,1,0,0,2025-09-26T13:40:54,
1000,4,11,512,1,0,0,2025-03-12T17:19:01,
1001,3,8,424,7,0,0,2025-08-21T21:13:48,
1002,7,20,185,2,0,0,2025-11-10T11:45:07,
1003,6,18,184,3,0,0,2025-10-11T23:01:10,
1004,3,7,559,3,0,0,2025-08-18T09:18:22,
1005,4,11,163,3,0,0,2025-03-03T17:07:39,
1006,4,11,600,3,0,0,2025-03-01T10:47:09,
1007,4,11,602,4,0,0,2025-03-04T01:45:45,
1008,6,17,203,3,0,0,2025-10-16T01:58:32,
1009,4,11,369,4,0,0,2025-03-09T22:29:34,
1010,2,5,466,7,0,0,2025-06-12T21:12:28,
1011,6,16,579,3,0,0,2025-10-12T06:29:44,
1012,7,21,557,2,0,0,2025-11-26T08:50:47,
1013,5,13,371,3,0,0,2025-08-09T21:06:06,
1014,3,8,642,2,0,0,2025-09-04T02:03:15,
1015,1,2,673,5,0,0,2025-04-22T08:04:23,
1016,3,8,535,7,0,0,2025-08-15T05:01:46,
1017,4,11,464,1,0,0,2025-03-21T21:39:06,
1018,4,10,363,1,0,0,2025-03-06T17:27:35,
1019,7,21,667,4,0,0,2025-11-12T13:49:32,
1020,4,11,516,4,0,0,2025-03-15T01:30:40,
1021,5,13,695,2,0,0,2025-07-26T18:16:01,
1022,4,11,92,4,0,0,2025-03-12T22:51:10,
1023,7,21,683,3,0,0,2025-11-12T08:12:48,
1024,6,16,340,4,1,0,2025-10-05T00:19:31,
1025,7,20,118,2,0,0,2025-11-20T14:03:49,
1026,6,17,295,4,0,0,2025-10-10T15:33:42,
1027,1,2,578,2,0,0,2025-04-06T09:51:01,
1028,3,8,506,5,0,0,2025-08-15T06:28:17,
1029,3,8,119,4,0,0,2025-08-26T07:11:42,
1030,4,11,226,1,0,0,2025-03-13T13:48:05,
1031,3,8,699,7,1,0,2025-08-26T20:33:12,
1032,4,11,434,4,0,0,2025-03-09T03:58:12,
1033,6,18,351,2,0,0,2025-10-04T16:40:50,
1034,3,9,530,2,0,0,2025-08-20T04:56:04,
1035,6,16,339,4,1,0,2025-10-08T11:36:39,
1036,6,17,31,4,0,0,2025-09-25T19:49:31,
1037,2,4,265,7,0,0,2025-06-25T23:29:27,
1038,3,7,189,5,0,0,2025-08-28T10:11:44,
1039,7,21,134,2,0,0,2025-11-05T14:15:21,
1040,4,11,349,1,0,0,2025-03-13T02:43:17,
1041,4,11,138,4,0,0,2025-03-15T16:02:52,
1042,4,11,84,4,0,0,2025-03-12T16:16:03,
1043,4,12,552,4,0,0,2025-03-13T17:38:12,
1044,6,17,499,1,0,0,2025-10-06T16:01:19,
1045,6,17,620,4,1,0,2025-10-09T10:07:42,
1046,4,11,460,3,0,0,2025-03-22T13:22:18,
1047,4,11,89,4,1,0,2025-03-06T04:09:23,
1048,7,19,370,2,0,0,2025-11-22T18:42:48,
1049,3,7,366,4,0,0,2025-08-27T22:32:56,
1050,4,11,678,3,0,0,2025-03-13T21:43:06,
1051,6,17,166,2,0,0,2025-10-09T01:13:10,
1052,3,8,148,4,0,0,2025-08-20T09:24:20,
1053,4,11,476,4,0,0,2025-03-18T18:38:29,
1054,4,11,444,3,0,0,2025-03-02T05:31:01,
1055,4,11,209,2,0,0,2025-03-10T20:31:17,
1056,6,17,613,3,1,0,2025-10-02T02:50:00,
1057,4,11,48,3,0,0,2025-03-13T12:35:13,
1058,7,21,593,1,0,0,2025-11-24T12:33:16,
1059,5,13,110,1,0,0,2025-08-10T02:02:22,
1060,4,11,646,2,0,0,2025-03-03T16:55:17,
1061,3,9,431,2,0,0,2025-08-22T07:57:30,
1062,4,11,340,3,0,0,2025-03-09T14:26:27,
1063,7,21,613,1,0,0,2025-11-03T23:04:32,
1064,6,16,634,3,1,0,2025-10-10T02:26:21,
1065,4,11,451,1,0,0,2025-03-12T05:49:34,
1066,4,11,679,3,0,0,2025-03-21T09:45:05,
1067,4,11,174,3,0,0,2025-03-21T19:09:49,
1068,3,9,326,7,0,0,2025-08-20T09:00:31,
1069,4,11,484,1,0,0,2025-03-05T18:19:05,
1070,4,11,244,3,0,0,2025-03-15T00:19:52,
1071,6,18,606,3,0,0,2025-10-16T02:05:47,
1072,3,9,400,6,0,0,2025-08-24T04:14:39,
1073,3,8,280,8,1,0,2025-08-30T19:47:21,
1074,6,16,578,3,0,0,2025-09-26T20:34:04,
1075,4,11,700,2,0,0,2025-03-11T04:18:30,
1076,5,13,307,2,0,0,2025-07-25T14:14:19,
1077,4,11,546,4,0,0,2025-03-10T03:08:03,
1078,2,4,165,7,0,0,2025-06-20T00:18:39,
1079,6,17,628,4,0,0,2025-09-30T20:54:50,
1080,3,7,570,2,0,0,2025-08-31T10:20:48,
1081,4,11,453,1,0,0,2025-03-22T11:55:48,
1082,4,11,546,3,0,0,2025-03-07T03:59:52,
1083,4,11,125,4,0,0,2025-03-05T21:06:10,
1084,4,11,557,4,0,0,2025-03-09T00:11:40,
1085,7,21,305,4,0,0,2025-11-05T23:39:58,
1086,3,7,325,6,0,0,2025-08-29T08:38:31,
1087,7,20,139,4,1,0,2025-11-23T00:04:32,
1088,4,11,331,3,0,0,2025-03-03T04:08:48,
1089,4,11,660,2,0,0,2025-03-10T04:14:22,
1090,6,16,655,3,0,0,2025-10-13T21:38:33,
1091,4,11,471,3,0,0,2025-03-07T08:46:29,
1092,4,11,407,3,0,0,2025-03-06T14:00:43,
1093,4,11,311,4,0,0,2025-03-09T18:49:33,
1094,3,7,66,4,0,0,2025-08-15T03:28:16,
1095,4,11,469,3,0,0,2025-03-10T14:29:45,
1096,5,14,695,1,0,0,2025-07-29T21:44:15,
1097,2,4,319,6,0,0,2025-06-19T03:06:59,
1098,4,11,305,2,0,0,2025-03-14T03:29:48,
1099,4,11,142,3,0,0,2025-03-14T16:47:41,
1100,7,19,29,7,0,0,2025-11-29T20:35:30,
